game_id,season,week,game_type,gameday,home_team,away_team,home_score,away_score
2026_01_NE_SEA,2026,1,REG,2026-09-09,SEA,NE,13.0,10.0
2026_01_SF_LA,2026,1,REG,2026-09-10,LA,SF,7.0,27.0
2026_01_CHI_CAR,2026,1,REG,2026-09-13,CAR,CHI,37.0,59.0
2026_01_TB_CIN,2026,1,REG,2026-09-13,CIN,TB,33.0,27.0
2026_01_NO_DET,2026,1,REG,2026-09-13,DET,NO,31.0,30.0
2026_01_BUF_HOU,2026,1,REG,2026-09-13,HOU,BUF,31.0,36.0
2026_01_BAL_IND,2026,1,REG,2026-09-13,IND,BAL,23.0,41.0
2026_01_CLE_JAX,2026,1,REG,2026-09-13,JAX,CLE,34.0,10.0
2026_01_ATL_PIT,2026,1,REG,2026-09-13,PIT,ATL,20.0,13.0
2026_01_NYJ_TEN,2026,1,REG,2026-09-13,TEN,NYJ,10.0,23.0
2026_01_ARI_LAC,2026,1,REG,2026-09-13,LAC,ARI,14.0,26.0
2026_01_MIA_LV,2026,1,REG,2026-09-13,LV,MIA,27.0,13.0
2026_01_GB_MIN,2026,1,REG,2026-09-13,MIN,GB,39.0,22.0
2026_01_WAS_PHI,2026,1,REG,2026-09-13,PHI,WAS,24.0,22.0
2026_01_DAL_NYG,2026,1,REG,2026-09-13,NYG,DAL,28.0,20.0
2026_01_DEN_KC,2026,1,REG,2026-09-14,KC,DEN,31.0,10.0
2026_02_DET_BUF,2026,2,REG,2026-09-17,BUF,DET,41.0,31.0
2026_02_CAR_ATL,2026,2,REG,2026-09-20,ATL,CAR,3.0,34.0
2026_02_NO_BAL,2026,2,REG,2026-09-20,BAL,NO,17.0,24.0
2026_02_MIN_CHI,2026,2,REG,2026-09-20,CHI,MIN,3.0,9.0
2026_02_CIN_HOU,2026,2,REG,2026-09-20,HOU,CIN,6.0,20.0
2026_02_PIT_NE,2026,2,REG,2026-09-20,NE,PIT,20.0,3.0
2026_02_GB_NYJ,2026,2,REG,2026-09-20,NYJ,GB,17.0,20.0
2026_02_CLE_TB,2026,2,REG,2026-09-20,TB,CLE,19.0,23.0
2026_02_PHI_TEN,2026,2,REG,2026-09-20,TEN,PHI,20.0,24.0
2026_02_JAX_DEN,2026,2,REG,2026-09-20,DEN,JAX,20.0,13.0
2026_02_LV_LAC,2026,2,REG,2026-09-20,LAC,LV,14.0,26.0
2026_02_SEA_ARI,2026,2,REG,2026-09-20,ARI,SEA,7.0,31.0
2026_02_WAS_DAL,2026,2,REG,2026-09-20,DAL,WAS,37.0,20.0
2026_02_MIA_SF,2026,2,REG,2026-09-20,SF,MIA,35.0,13.0
2026_02_IND_KC,2026,2,REG,2026-09-20,KC,IND,33.0,30.0
2026_02_NYG_LA,2026,2,REG,2026-09-21,LA,NYG,28.0,6.0
2026_03_ATL_GB,2026,3,REG,2026-09-24,GB,ATL,14.0,35.0
2026_03_LAC_BUF,2026,3,REG,2026-09-27,BUF,LAC,24.0,16.0
2026_03_CAR_CLE,2026,3,REG,2026-09-27,CLE,CAR,21.0,18.0
2026_03_NYJ_DET,2026,3,REG,2026-09-27,DET,NYJ,31.0,24.0
2026_03_HOU_IND,2026,3,REG,2026-09-27,IND,HOU,19.0,17.0
2026_03_NE_JAX,2026,3,REG,2026-09-27,JAX,NE,35.0,6.0
2026_03_KC_MIA,2026,3,REG,2026-09-27,MIA,KC,10.0,24.0
2026_03_TEN_NYG,2026,3,REG,2026-09-27,NYG,TEN,12.0,7.0
2026_03_CIN_PIT,2026,3,REG,2026-09-27,PIT,CIN,30.0,27.0
2026_03_SEA_WAS,2026,3,REG,2026-09-27,WAS,SEA,33.0,31.0
2026_03_ARI_SF,2026,3,REG,2026-09-27,SF,ARI,36.0,30.0
2026_03_MIN_TB,2026,3,REG,2026-09-27,TB,MIN,16.0,23.0
2026_03_BAL_DAL,2026,3,REG,2026-09-27,DAL,BAL,31.0,34.0
2026_03_LV_NO,2026,3,REG,2026-09-27,NO,LV,27.0,35.0
2026_03_LA_DEN,2026,3,REG,2026-09-27,DEN,LA,30.0,26.0
2026_03_PHI_CHI,2026,3,REG,2026-09-28,CHI,PHI,27.0,7.0
2026_04_PIT_CLE,2026,4,REG,2026-10-01,CLE,PIT,27.0,24.0
2026_04_IND_WAS,2026,4,REG,2026-10-04,WAS,IND,13.0,30.0
2026_04_TEN_BAL,2026,4,REG,2026-10-04,BAL,TEN,24.0,18.0
2026_04_NE_BUF,2026,4,REG,2026-10-04,BUF,NE,26.0,29.0
2026_04_NYJ_CHI,2026,4,REG,2026-10-04,CHI,NYJ,23.0,12.0
2026_04_JAX_CIN,2026,4,REG,2026-10-04,CIN,JAX,17.0,22.0
2026_04_DAL_HOU,2026,4,REG,2026-10-04,HOU,DAL,30.0,34.0
2026_04_ARI_NYG,2026,4,REG,2026-10-04,NYG,ARI,36.0,24.0
2026_04_LA_PHI,2026,4,REG,2026-10-04,PHI,LA,20.0,24.0
2026_04_GB_TB,2026,4,REG,2026-10-04,TB,GB,14.0,17.0
2026_04_MIA_MIN,2026,4,REG,2026-10-04,MIN,MIA,15.0,10.0
2026_04_KC_LV,2026,4,REG,2026-10-04,LV,KC,27.0,30.0
2026_04_LAC_SEA,2026,4,REG,2026-10-04,SEA,LAC,30.0,23.0
2026_04_DEN_SF,2026,4,REG,2026-10-04,SF,DEN,24.0,14.0
2026_04_DET_CAR,2026,4,REG,2026-10-04,CAR,DET,32.0,26.0
2026_04_ATL_NO,2026,4,REG,2026-10-05,NO,ATL,24.0,45.0
2026_05_TB_DAL,2026,5,REG,2026-10-08,DAL,TB,,
2026_05_PHI_JAX,2026,5,REG,2026-10-11,JAX,PHI,,
2026_05_CHI_GB,2026,5,REG,2026-10-11,GB,CHI,,
2026_05_CIN_MIA,2026,5,REG,2026-10-11,MIA,CIN,,
2026_05_LV_NE,2026,5,REG,2026-10-11,NE,LV,,
2026_05_MIN_NO,2026,5,REG,2026-10-11,NO,MIN,,
2026_05_CLE_NYJ,2026,5,REG,2026-10-11,NYJ,CLE,,
2026_05_IND_PIT,2026,5,REG,2026-10-11,PIT,IND,,
2026_05_HOU_TEN,2026,5,REG,2026-10-11,TEN,HOU,,
2026_05_NYG_WAS,2026,5,REG,2026-10-11,WAS,NYG,,
2026_05_DEN_LAC,2026,5,REG,2026-10-11,LAC,DEN,,
2026_05_DET_ARI,2026,5,REG,2026-10-11,ARI,DET,,
2026_05_SF_SEA,2026,5,REG,2026-10-11,SEA,SF,,
2026_05_BAL_ATL,2026,5,REG,2026-10-11,ATL,BAL,,
2026_05_BUF_LA,2026,5,REG,2026-10-12,LA,BUF,,
2026_06_SEA_DEN,2026,6,REG,2026-10-15,DEN,SEA,,
2026_06_HOU_JAX,2026,6,REG,2026-10-18,JAX,HOU,,
2026_06_CHI_ATL,2026,6,REG,2026-10-18,ATL,CHI,,
2026_06_BAL_CLE,2026,6,REG,2026-10-18,CLE,BAL,,
2026_06_TEN_IND,2026,6,REG,2026-10-18,IND,TEN,,
2026_06_NYJ_NE,2026,6,REG,2026-10-18,NE,NYJ,,
2026_06_NO_NYG,2026,6,REG,2026-10-18,NYG,NO,,
2026_06_CAR_PHI,2026,6,REG,2026-10-18,PHI,CAR,,
2026_06_PIT_TB,2026,6,REG,2026-10-18,TB,PIT,,
2026_06_ARI_LA,2026,6,REG,2026-10-18,LA,ARI,,
2026_06_LAC_KC,2026,6,REG,2026-10-18,KC,LAC,,
2026_06_BUF_LV,2026,6,REG,2026-10-18,LV,BUF,,
2026_06_DAL_GB,2026,6,REG,2026-10-18,GB,DAL,,
2026_06_WAS_SF,2026,6,REG,2026-10-19,SF,WAS,,
2026_07_NE_CHI,2026,7,REG,2026-10-22,CHI,NE,,
2026_07_PIT_NO,2026,7,REG,2026-10-25,NO,PIT,,
2026_07_SF_ATL,2026,7,REG,2026-10-25,ATL,SF,,
2026_07_CIN_BAL,2026,7,REG,2026-10-25,BAL,CIN,,
2026_07_TB_CAR,2026,7,REG,2026-10-25,CAR,TB,,
2026_07_NYG_HOU,2026,7,REG,2026-10-25,HOU,NYG,,
2026_07_IND_MIN,2026,7,REG,2026-10-25,MIN,IND,,
2026_07_MIA_NYJ,2026,7,REG,2026-10-25,NYJ,MIA,,
2026_07_CLE_TEN,2026,7,REG,2026-10-25,TEN,CLE,,
2026_07_DEN_ARI,2026,7,REG,2026-10-25,ARI,DEN,,
2026_07_GB_DET,2026,7,REG,2026-10-25,DET,GB,,
2026_07_LA_LV,2026,7,REG,2026-10-25,LV,LA,,
2026_07_KC_SEA,2026,7,REG,2026-10-25,SEA,KC,,
2026_07_DAL_PHI,2026,7,REG,2026-10-26,PHI,DAL,,
2026_08_CAR_GB,2026,8,REG,2026-10-29,GB,CAR,,
2026_08_BAL_BUF,2026,8,REG,2026-11-01,BUF,BAL,,
2026_08_TEN_CIN,2026,8,REG,2026-11-01,CIN,TEN,,
2026_08_ARI_DAL,2026,8,REG,2026-11-01,DAL,ARI,,
2026_08_MIN_DET,2026,8,REG,2026-11-01,DET,MIN,,
2026_08_IND_JAX,2026,8,REG,2026-11-01,JAX,IND,,
2026_08_LV_NYJ,2026,8,REG,2026-11-01,NYJ,LV,,
2026_08_CLE_PIT,2026,8,REG,2026-11-01,PIT,CLE,,
2026_08_ATL_TB,2026,8,REG,2026-11-01,TB,ATL,,
2026_08_LAC_LA,2026,8,REG,2026-11-01,LA,LAC,,
2026_08_KC_DEN,2026,8,REG,2026-11-01,DEN,KC,,
2026_08_NE_MIA,2026,8,REG,2026-11-01,MIA,NE,,
2026_08_PHI_WAS,2026,8,REG,2026-11-01,WAS,PHI,,
2026_08_CHI_SEA,2026,8,REG,2026-11-02,SEA,CHI,,
2026_09_JAX_BAL,2026,9,REG,2026-11-05,BAL,JAX,,
2026_09_CIN_ATL,2026,9,REG,2026-11-08,ATL,CIN,,
2026_09_DEN_CAR,2026,9,REG,2026-11-08,CAR,DEN,,
2026_09_DAL_IND,2026,9,REG,2026-11-08,IND,DAL,,
2026_09_NYJ_KC,2026,9,REG,2026-11-08,KC,NYJ,,
2026_09_DET_MIA,2026,9,REG,2026-11-08,MIA,DET,,
2026_09_CLE_NO,2026,9,REG,2026-11-08,NO,CLE,,
2026_09_NYG_PHI,2026,9,REG,2026-11-08,PHI,NYG,,
2026_09_LA_WAS,2026,9,REG,2026-11-08,WAS,LA,,
2026_09_HOU_LAC,2026,9,REG,2026-11-08,LAC,HOU,,
2026_09_LV_SF,2026,9,REG,2026-11-08,SF,LV,,
2026_09_GB_NE,2026,9,REG,2026-11-08,NE,GB,,
2026_09_ARI_SEA,2026,9,REG,2026-11-08,SEA,ARI,,
2026_09_TB_CHI,2026,9,REG,2026-11-08,CHI,TB,,
2026_09_BUF_MIN,2026,9,REG,2026-11-09,MIN,BUF,,
2026_10_WAS_NYG,2026,10,REG,2026-11-12,NYG,WAS,,
2026_10_NE_DET,2026,10,REG,2026-11-15,DET,NE,,
2026_10_KC_ATL,2026,10,REG,2026-11-15,ATL,KC,,
2026_10_HOU_CLE,2026,10,REG,2026-11-15,CLE,HOU,,
2026_10_MIN_GB,2026,10,REG,2026-11-15,GB,MIN,,
2026_10_MIA_IND,2026,10,REG,2026-11-15,IND,MIA,,
2026_10_CAR_NO,2026,10,REG,2026-11-15,NO,CAR,,
2026_10_BUF_NYJ,2026,10,REG,2026-11-15,NYJ,BUF,,
2026_10_JAX_TEN,2026,10,REG,2026-11-15,TEN,JAX,,
2026_10_LA_ARI,2026,10,REG,2026-11-15,ARI,LA,,
2026_10_SEA_LV,2026,10,REG,2026-11-15,LV,SEA,,
2026_10_SF_DAL,2026,10,REG,2026-11-15,DAL,SF,,
2026_10_PIT_CIN,2026,10,REG,2026-11-15,CIN,PIT,,
2026_10_LAC_BAL,2026,10,REG,2026-11-16,BAL,LAC,,
2026_11_IND_HOU,2026,11,REG,2026-11-19,HOU,IND,,
2026_11_MIA_BUF,2026,11,REG,2026-11-22,BUF,MIA,,
2026_11_BAL_CAR,2026,11,REG,2026-11-22,CAR,BAL,,
2026_11_NO_CHI,2026,11,REG,2026-11-22,CHI,NO,,
2026_11_TEN_DAL,2026,11,REG,2026-11-22,DAL,TEN,,
2026_11_TB_DET,2026,11,REG,2026-11-22,DET,TB,,
2026_11_ARI_KC,2026,11,REG,2026-11-22,KC,ARI,,
2026_11_JAX_NYG,2026,11,REG,2026-11-22,NYG,JAX,,
2026_11_NYJ_LAC,2026,11,REG,2026-11-22,LAC,NYJ,,
2026_11_LV_DEN,2026,11,REG,2026-11-22,DEN,LV,,
2026_11_PIT_PHI,2026,11,REG,2026-11-22,PHI,PIT,,
2026_11_MIN_SF,2026,11,REG,2026-11-22,SF,MIN,,
2026_11_CIN_WAS,2026,11,REG,2026-11-23,WAS,CIN,,
2026_12_GB_LA,2026,12,REG,2026-11-25,LA,GB,,
2026_12_CHI_DET,2026,12,REG,2026-11-26,DET,CHI,,
2026_12_PHI_DAL,2026,12,REG,2026-11-26,DAL,PHI,,
2026_12_KC_BUF,2026,12,REG,2026-11-26,BUF,KC,,
2026_12_DEN_PIT,2026,12,REG,2026-11-27,PIT,DEN,,
2026_12_NO_CIN,2026,12,REG,2026-11-29,CIN,NO,,
2026_12_LV_CLE,2026,12,REG,2026-11-29,CLE,LV,,
2026_12_BAL_HOU,2026,12,REG,2026-11-29,HOU,BAL,,
2026_12_NYG_IND,2026,12,REG,2026-11-29,IND,NYG,,
2026_12_NYJ_MIA,2026,12,REG,2026-11-29,MIA,NYJ,,
2026_12_ATL_MIN,2026,12,REG,2026-11-29,MIN,ATL,,
2026_12_TEN_JAX,2026,12,REG,2026-11-29,JAX,TEN,,
2026_12_WAS_ARI,2026,12,REG,2026-11-29,ARI,WAS,,
2026_12_SEA_SF,2026,12,REG,2026-11-29,SF,SEA,,
2026_12_NE_LAC,2026,12,REG,2026-11-29,LAC,NE,,
2026_12_CAR_TB,2026,12,REG,2026-11-30,TB,CAR,,
2026_13_KC_LA,2026,13,REG,2026-12-03,LA,KC,,
2026_13_DET_ATL,2026,13,REG,2026-12-06,ATL,DET,,
2026_13_JAX_CHI,2026,13,REG,2026-12-06,CHI,JAX,,
2026_13_CIN_CLE,2026,13,REG,2026-12-06,CLE,CIN,,
2026_13_GB_NO,2026,13,REG,2026-12-06,NO,GB,,
2026_13_SF_NYG,2026,13,REG,2026-12-06,NYG,SF,,
2026_13_LAC_TB,2026,13,REG,2026-12-06,TB,LAC,,
2026_13_WAS_TEN,2026,13,REG,2026-12-06,TEN,WAS,,
2026_13_PHI_ARI,2026,13,REG,2026-12-06,ARI,PHI,,
2026_13_MIA_DEN,2026,13,REG,2026-12-06,DEN,MIA,,
2026_13_CAR_MIN,2026,13,REG,2026-12-06,MIN,CAR,,
2026_13_BUF_NE,2026,13,REG,2026-12-06,NE,BUF,,
2026_13_HOU_PIT,2026,13,REG,2026-12-06,PIT,HOU,,
2026_13_DAL_SEA,2026,13,REG,2026-12-07,SEA,DAL,,
2026_14_MIN_NE,2026,14,REG,2026-12-10,NE,MIN,,
2026_14_TB_BAL,2026,14,REG,2026-12-13,BAL,TB,,
2026_14_NO_CAR,2026,14,REG,2026-12-13,CAR,NO,,
2026_14_ATL_CLE,2026,14,REG,2026-12-13,CLE,ATL,,
2026_14_TEN_DET,2026,14,REG,2026-12-13,DET,TEN,,
2026_14_CHI_MIA,2026,14,REG,2026-12-13,MIA,CHI,,
2026_14_DEN_NYJ,2026,14,REG,2026-12-13,NYJ,DEN,,
2026_14_IND_PHI,2026,14,REG,2026-12-13,PHI,IND,,
2026_14_HOU_WAS,2026,14,REG,2026-12-13,WAS,HOU,,
2026_14_LAC_LV,2026,14,REG,2026-12-13,LV,LAC,,
2026_14_KC_CIN,2026,14,REG,2026-12-13,CIN,KC,,
2026_14_NYG_SEA,2026,14,REG,2026-12-13,SEA,NYG,,
2026_14_LA_SF,2026,14,REG,2026-12-13,SF,LA,,
2026_14_BUF_GB,2026,14,REG,2026-12-13,GB,BUF,,
2026_14_PIT_JAX,2026,14,REG,2026-12-14,JAX,PIT,,
2026_15_SF_LAC,2026,15,REG,2026-12-17,LAC,SF,,
2026_15_SEA_PHI,2026,15,REG,2026-12-19,PHI,SEA,,
2026_15_CHI_BUF,2026,15,REG,2026-12-19,BUF,CHI,,
2026_15_CIN_CAR,2026,15,REG,2026-12-20,CAR,CIN,,
2026_15_MIA_GB,2026,15,REG,2026-12-20,GB,MIA,,
2026_15_JAX_HOU,2026,15,REG,2026-12-20,HOU,JAX,,
2026_15_CLE_NYG,2026,15,REG,2026-12-20,NYG,CLE,,
2026_15_BAL_PIT,2026,15,REG,2026-12-20,PIT,BAL,,
2026_15_NO_TB,2026,15,REG,2026-12-20,TB,NO,,
2026_15_IND_TEN,2026,15,REG,2026-12-20,TEN,IND,,
2026_15_ATL_WAS,2026,15,REG,2026-12-20,WAS,ATL,,
2026_15_NYJ_ARI,2026,15,REG,2026-12-20,ARI,NYJ,,
2026_15_DAL_LA,2026,15,REG,2026-12-20,LA,DAL,,
2026_15_DEN_LV,2026,15,REG,2026-12-20,LV,DEN,,
2026_15_DET_MIN,2026,15,REG,2026-12-20,MIN,DET,,
2026_15_NE_KC,2026,15,REG,2026-12-21,KC,NE,,
2026_16_HOU_PHI,2026,16,REG,2026-12-24,PHI,HOU,,
2026_16_GB_CHI,2026,16,REG,2026-12-25,CHI,GB,,
2026_16_BUF_DEN,2026,16,REG,2026-12-25,DEN,BUF,,
2026_16_LA_SEA,2026,16,REG,2026-12-25,SEA,LA,,
2026_16_TB_ATL,2026,16,REG,2026-12-27,ATL,TB,,
2026_16_CLE_BAL,2026,16,REG,2026-12-27,BAL,CLE,,
2026_16_CIN_IND,2026,16,REG,2026-12-27,IND,CIN,,
2026_16_LAC_MIA,2026,16,REG,2026-12-27,MIA,LAC,,
2026_16_WAS_MIN,2026,16,REG,2026-12-27,MIN,WAS,,
2026_16_ARI_NO,2026,16,REG,2026-12-27,NO,ARI,,
2026_16_NE_NYJ,2026,16,REG,2026-12-27,NYJ,NE,,
2026_16_CAR_PIT,2026,16,REG,2026-12-27,PIT,CAR,,
2026_16_TEN_LV,2026,16,REG,2026-12-27,LV,TEN,,
2026_16_SF_KC,2026,16,REG,2026-12-27,KC,SF,,
2026_16_JAX_DAL,2026,16,REG,2026-12-27,DAL,JAX,,
2026_16_NYG_DET,2026,16,REG,2026-12-28,DET,NYG,,
2026_17_BAL_CIN,2026,17,REG,2026-12-31,CIN,BAL,,
2026_17_NO_ATL,2026,17,REG,2027-01-03,ATL,NO,,
2026_17_SEA_CAR,2026,17,REG,2027-01-03,CAR,SEA,,
2026_17_IND_CLE,2026,17,REG,2027-01-03,CLE,IND,,
2026_17_NYG_DAL,2026,17,REG,2027-01-03,DAL,NYG,,
2026_17_WAS_JAX,2026,17,REG,2027-01-03,JAX,WAS,,
2026_17_KC_LAC,2026,17,REG,2027-01-03,LAC,KC,,
2026_17_BUF_MIA,2026,17,REG,2027-01-03,MIA,BUF,,
2026_17_DEN_NE,2026,17,REG,2027-01-03,NE,DEN,,
2026_17_MIN_NYJ,2026,17,REG,2027-01-03,NYJ,MIN,,
2026_17_LA_TB,2026,17,REG,2027-01-03,TB,LA,,
2026_17_PIT_TEN,2026,17,REG,2027-01-03,TEN,PIT,,
2026_17_LV_ARI,2026,17,REG,2027-01-03,ARI,LV,,
2026_17_DET_CHI,2026,17,REG,2027-01-03,CHI,DET,,
2026_17_PHI_SF,2026,17,REG,2027-01-03,SF,PHI,,
2026_17_HOU_GB,2026,17,REG,2027-01-04,GB,HOU,,
2026_18_SF_ARI,2026,18,REG,2027-01-10,ARI,SF,,
2026_18_PIT_BAL,2026,18,REG,2027-01-10,BAL,PIT,,
2026_18_NYJ_BUF,2026,18,REG,2027-01-10,BUF,NYJ,,
2026_18_ATL_CAR,2026,18,REG,2027-01-10,CAR,ATL,,
2026_18_CLE_CIN,2026,18,REG,2027-01-10,CIN,CLE,,
2026_18_LAC_DEN,2026,18,REG,2027-01-10,DEN,LAC,,
2026_18_DET_GB,2026,18,REG,2027-01-10,GB,DET,,
2026_18_TEN_HOU,2026,18,REG,2027-01-10,HOU,TEN,,
2026_18_JAX_IND,2026,18,REG,2027-01-10,IND,JAX,,
2026_18_LV_KC,2026,18,REG,2027-01-10,KC,LV,,
2026_18_SEA_LA,2026,18,REG,2027-01-10,LA,SEA,,
2026_18_CHI_MIN,2026,18,REG,2027-01-10,MIN,CHI,,
2026_18_MIA_NE,2026,18,REG,2027-01-10,NE,MIA,,
2026_18_TB_NO,2026,18,REG,2027-01-10,NO,TB,,
2026_18_PHI_NYG,2026,18,REG,2027-01-10,NYG,PHI,,
2026_18_DAL_WAS,2026,18,REG,2027-01-10,WAS,DAL,,
