player_id,passing_yards,passing_tds,interceptions,rushing_yards,rushing_tds,receptions,receiving_yards,receiving_tds,fumbles_lost,projected_season
0,0.0,0.0,0.0,0.0,0.0,0.0,0.0,0.0,0.0,2026
00-0023459,249.75,1.75,1.0,3.0,0.0,0.0,0.0,0.0,0.25,2026
00-0025565,0.0,0.0,0.0,0.0,0.0,0.0,0.0,0.0,0.0,2026
00-0026190,0.0,0.0,0.0,0.0,0.0,0.0,0.0,0.0,0.0,2026
00-0026498,297.25,1.5,1.5,5.25,0.0,0.0,0.0,0.0,0.0,2026
00-0027857,0.0,0.0,0.0,0.0,0.0,0.0,0.0,0.0,0.0,2026
00-0027940,0.0,0.0,0.0,0.0,0.0,0.0,0.0,0.0,0.0,2026
00-0027962,0.0,0.0,0.0,0.0,0.0,0.0,0.0,0.0,0.0,2026
00-0027969,0.0,0.0,0.0,0.0,0.0,0.0,0.0,0.0,0.0,2026
00-0027973,0.0,0.0,1.0,0.0,0.0,0.0,0.0,0.0,0.0,2026
00-0028872,0.0,0.0,0.0,0.0,0.0,0.0,0.0,0.0,0.0,2026
00-0028986,247.0,2.0,0.0,6.0,1.0,0.0,0.0,0.0,0.0,2026
00-0029604,256.5,2.75,1.0,-0.5,0.0,0.0,0.0,0.0,0.0,2026
00-0029606,0.0,0.0,0.0,0.0,0.0,0.0,0.0,0.0,0.0,2026
00-0029607,0.0,0.0,0.0,0.0,0.0,0.0,0.0,0.0,0.0,2026
00-0029692,0.0,0.0,0.0,0.0,0.0,0.0,0.0,0.0,0.0,2026
00-0029714,0.0,0.0,0.0,0.0,0.0,0.0,0.0,0.0,0.0,2026
00-0029892,0.0,0.0,0.0,0.0,0.0,1.3333333333333333,18.333333333333332,0.3333333333333333,0.0,2026
00-0030061,0.0,0.0,0.0,0.0,0.0,1.5,11.0,0.0,0.0,2026
00-0030070,0.0,0.0,0.0,0.0,0.0,0.0,0.0,0.0,0.0,2026
00-0030092,0.0,0.0,0.0,0.0,0.0,0.0,0.0,0.0,0.0,2026
00-0030140,0.0,0.0,0.0,0.0,0.0,0.0,0.0,0.0,0.0,2026
00-0030279,0.0,0.0,0.0,0.0,0.0,4.333333333333333,33.333333333333336,0.3333333333333333,0.0,2026
00-0030294,0.0,0.0,0.0,0.0,0.0,0.0,0.0,0.0,0.0,2026
00-0030506,0.0,0.0,0.0,0.0,0.0,4.0,61.5,0.5,0.0,2026
00-0030561,0.0,0.0,0.0,0.0,0.0,0.0,0.0,0.0,0.0,2026
00-0030565,225.5,1.25,0.0,9.0,0.0,0.0,0.0,0.0,0.25,2026
00-0031040,0.0,0.0,0.0,0.0,0.0,0.0,0.0,0.0,0.0,2026
00-0031054,0.0,0.0,0.0,0.0,0.0,0.0,0.0,0.0,0.0,2026
00-0031136,0.0,0.0,0.0,0.0,0.0,0.0,0.0,0.0,0.0,2026
00-0031203,0.0,0.0,0.0,0.0,0.0,0.0,0.0,0.0,0.0,2026
00-0031235,0.0,0.0,0.0,0.0,0.0,0.0,0.0,0.0,0.0,2026
00-0031236,0.0,0.0,0.0,0.0,0.0,0.0,0.0,0.0,0.0,2026
00-0031270,0.0,0.0,0.0,0.0,0.0,0.0,0.0,0.0,0.0,2026
00-0031279,0.0,0.0,0.0,0.0,0.0,0.0,0.0,0.0,0.0,2026
00-0031330,0.0,0.0,0.0,0.0,0.0,0.0,0.0,0.0,0.0,2026
00-0031360,0.0,0.0,0.0,0.0,0.0,0.0,0.0,0.0,0.0,2026
00-0031364,0.0,0.0,0.0,0.0,0.0,0.0,0.0,0.0,0.0,2026
00-0031381,0.0,0.0,0.0,0.0,0.0,5.5,97.5,0.5,0.0,2026
00-0031388,0.0,0.0,0.0,0.0,0.0,0.0,0.0,0.0,0.0,2026
00-0031408,0.0,0.0,0.0,0.0,0.0,4.25,53.25,0.5,0.0,2026
00-0031411,0.0,0.0,0.0,0.0,0.0,0.0,0.0,0.0,0.0,2026
00-0031484,0.0,0.0,0.0,0.0,0.0,0.0,0.0,0.0,0.0,2026
00-0031492,0.0,0.0,0.0,0.0,0.0,0.0,0.0,0.0,0.0,2026
00-0031503,159.66666666666666,1.0,1.0,5.0,0.0,0.0,0.0,0.0,0.0,2026
00-0031565,0.0,0.0,0.0,0.0,0.0,0.0,0.0,0.0,0.0,2026
00-0031576,0.0,0.0,0.0,0.0,0.0,0.0,0.0,0.0,0.0,2026
00-0031583,0.0,0.0,0.0,0.0,0.0,0.0,0.0,0.0,0.0,2026
00-0031588,0.0,0.0,0.0,0.0,0.0,4.5,42.5,0.75,0.0,2026
00-0031595,0.0,0.0,0.0,0.0,0.0,0.0,0.0,0.0,0.0,2026
00-0031610,0.0,0.0,0.0,0.0,0.0,3.25,37.0,0.5,0.0,2026
00-0031898,0.0,0.0,0.0,0.0,0.0,0.0,0.0,0.0,0.0,2026
00-0031933,0.0,0.0,0.0,0.0,0.0,0.0,0.0,0.0,0.0,2026
00-0031957,0.0,0.0,0.0,0.0,0.0,0.0,0.0,0.0,0.0,2026
00-0032052,0.0,0.0,0.0,0.0,0.0,0.0,0.0,0.0,0.0,2026
00-0032065,0.0,0.0,0.0,0.0,0.0,0.0,0.0,0.0,0.0,2026
00-0032071,0.0,0.0,0.0,0.0,0.0,0.0,0.0,0.0,0.0,2026
00-0032104,0.0,0.0,0.0,11.25,0.0,0.5,0.5,0.0,0.0,2026
00-0032146,0.0,0.0,0.0,0.0,0.0,0.0,0.0,0.0,0.0,2026
00-0032164,0.0,0.0,0.0,0.0,0.0,0.0,0.0,0.0,0.0,2026
00-0032228,0.0,0.0,0.0,0.0,0.0,0.0,0.0,0.0,0.0,2026
00-0032234,0.0,0.0,0.0,0.0,0.0,0.0,0.0,0.0,0.0,2026
00-0032265,0.0,0.0,0.0,0.0,0.0,0.0,0.0,0.0,0.0,2026
00-0032268,113.33333333333333,1.3333333333333333,0.0,16.333333333333332,0.0,0.0,0.0,0.0,0.0,2026
00-0032378,0.0,0.0,0.0,0.0,0.0,0.0,0.0,0.0,0.0,2026
00-0032385,0.0,0.0,0.0,0.0,0.0,0.5,1.5,0.0,0.0,2026
00-0032387,0.0,0.0,0.0,0.0,0.0,0.0,0.0,0.0,0.0,2026
00-0032392,0.0,0.0,0.0,0.0,0.0,1.6666666666666667,13.333333333333334,0.3333333333333333,0.0,2026
00-0032398,0.0,0.0,0.0,0.0,0.0,1.0,21.0,0.3333333333333333,0.0,2026
00-0032399,0.0,0.0,0.0,0.0,0.0,0.0,0.0,0.0,0.0,2026
00-0032415,0.0,0.0,0.0,0.0,0.0,0.0,0.0,0.0,0.0,2026
00-0032424,0.0,0.0,0.0,0.0,0.0,0.0,0.0,0.0,0.0,2026
00-0032445,0.0,0.0,0.0,0.0,0.0,0.0,0.0,0.0,0.0,2026
00-0032464,0.0,0.0,0.0,0.0,0.0,5.25,55.0,0.25,0.0,2026
00-0032569,0.0,0.0,0.0,0.0,0.0,0.0,0.0,0.0,0.0,2026
00-0032580,0.0,0.0,0.0,0.0,0.0,0.0,0.0,0.0,0.0,2026
00-0032701,0.0,0.0,0.0,0.0,0.0,1.0,2.0,0.0,0.0,2026
00-0032726,0.0,0.0,0.0,0.0,0.0,0.0,0.0,0.0,0.0,2026
00-0032753,0.0,0.0,0.0,0.0,0.0,0.0,0.0,0.0,0.0,2026
00-0032759,0.0,0.0,0.0,0.0,0.0,0.0,0.0,0.0,0.0,2026
00-0032762,0.0,0.0,0.0,0.0,0.0,0.0,0.0,0.0,0.0,2026
00-0032764,0.0,0.0,0.0,93.5,1.75,1.75,11.0,0.0,0.0,2026
00-0032775,0.0,0.0,0.0,0.0,0.0,2.5,42.0,0.5,0.0,2026
00-0032803,0.0,0.0,0.0,0.0,0.0,0.0,0.0,0.0,0.0,2026
00-0032889,0.0,0.0,0.0,0.0,0.0,0.0,0.0,0.0,0.0,2026
00-0032943,0.0,0.0,0.0,0.0,0.0,0.0,0.0,0.0,0.0,2026
00-0032950,138.0,1.5,0.0,2.5,0.0,0.0,0.0,0.0,0.0,2026
00-0032951,0.0,0.0,0.0,0.0,0.0,2.25,30.75,0.0,0.0,2026
00-0032954,0.0,0.0,0.0,0.0,0.0,0.0,0.0,0.0,0.0,2026
00-0032965,0.0,0.0,0.0,0.0,0.0,0.0,0.0,0.0,0.0,2026
00-0033038,0.0,0.0,0.0,0.0,0.0,0.0,0.0,0.0,0.0,2026
00-0033051,0.0,0.0,0.0,0.0,0.0,0.0,0.0,0.0,0.0,2026
00-0033055,0.0,0.0,0.0,0.0,0.0,0.0,0.0,0.0,0.0,2026
00-0033066,0.0,0.0,0.0,0.0,0.0,0.0,0.0,0.0,0.0,2026
00-0033077,276.2,1.8,0.6,13.2,0.0,0.0,0.0,0.0,0.0,2026
00-0033090,0.0,0.0,0.0,0.0,0.0,3.0,33.25,0.0,0.0,2026
00-0033093,0.0,0.0,0.0,0.0,0.0,0.0,0.0,0.0,0.0,2026
00-0033106,303.5,2.25,0.0,3.75,0.0,0.0,0.0,0.0,0.0,2026
00-0033109,0.0,0.0,0.0,0.0,0.0,0.0,0.0,0.0,0.0,2026
00-0033110,0.0,0.0,0.0,0.0,0.0,5.0,47.0,0.3333333333333333,0.3333333333333333,2026
00-0033119,204.5,1.5,1.0,10.75,0.25,0.0,0.0,0.0,0.0,2026
00-0033120,0.0,0.0,0.0,0.0,0.0,0.0,0.0,0.0,0.0,2026
00-0033131,0.0,0.0,0.0,0.0,0.0,0.0,0.0,0.0,0.0,2026
00-0033132,0.0,0.0,0.0,0.0,0.0,0.0,0.0,0.0,0.0,2026
00-0033217,0.0,0.0,0.0,0.0,0.0,1.0,16.0,0.0,0.0,2026
00-0033246,0.0,0.0,0.0,0.0,0.0,1.0,4.0,0.0,0.0,2026
00-0033260,0.0,0.0,0.0,0.0,0.0,0.0,0.0,0.0,0.0,2026
00-0033269,0.0,0.0,0.0,0.0,0.0,0.0,0.0,0.0,0.0,2026
00-0033280,0.0,0.0,0.0,54.5,1.0,4.0,30.5,0.0,0.0,2026
00-0033281,0.0,0.0,0.0,0.0,0.0,0.0,0.0,0.0,0.0,2026
00-0033288,0.0,0.0,0.0,0.0,0.0,4.0,61.0,1.0,0.0,2026
00-0033290,0.0,0.0,0.0,0.0,0.0,0.0,0.0,0.0,0.0,2026
00-0033293,0.0,0.0,0.0,74.25,0.25,2.25,17.0,0.0,0.0,2026
00-0033294,0.0,0.0,0.0,0.0,0.0,0.0,0.0,0.0,0.0,2026
00-0033297,0.0,0.0,0.0,0.0,0.0,0.0,0.0,0.0,0.0,2026
00-0033303,0.0,0.0,0.0,0.0,0.0,0.0,0.0,0.0,0.0,2026
00-0033307,0.0,0.0,0.0,0.0,0.0,4.0,36.0,0.0,0.0,2026
00-0033319,0.0,0.0,0.0,-3.0,0.0,0.0,0.0,0.0,0.0,2026
00-0033336,0.0,0.0,0.0,0.0,0.0,0.0,0.0,0.0,0.0,2026
00-0033376,0.0,0.0,0.0,0.0,0.0,0.5,0.5,0.0,0.0,2026
00-0033381,0.0,0.0,0.0,0.0,0.0,0.0,0.0,0.0,0.0,2026
00-0033523,0.0,0.0,0.0,0.0,0.0,0.0,0.0,0.0,0.0,2026
00-0033526,0.0,0.0,0.0,10.5,0.0,1.25,12.75,0.0,0.0,2026
00-0033537,213.75,1.5,0.5,31.75,0.0,0.0,0.0,0.0,0.25,2026
00-0033538,0.0,0.0,0.0,0.0,0.0,0.0,0.0,0.0,0.0,2026
00-0033546,0.0,0.0,0.0,0.0,0.0,0.0,0.0,0.0,0.0,2026
00-0033548,0.0,0.0,0.0,0.0,0.0,0.0,0.0,0.0,0.0,2026
00-0033551,0.0,0.0,0.0,0.0,0.0,0.0,0.0,0.0,0.0,2026
00-0033555,0.0,0.0,0.0,0.0,0.0,3.75,52.25,0.0,0.0,2026
00-0033576,0.0,0.0,0.0,0.0,0.0,0.5,0.75,0.25,0.0,2026
00-0033579,0.0,0.0,0.0,0.0,0.0,0.0,0.0,0.0,0.0,2026
00-0033589,0.0,0.0,0.0,0.0,0.0,0.0,0.0,0.0,0.0,2026
00-0033662,114.5,0.5,2.0,10.0,0.0,0.0,0.0,0.0,0.5,2026
00-0033676,0.0,0.0,0.0,0.0,0.0,0.0,0.0,0.0,0.0,2026
00-0033699,0.0,0.0,0.0,29.0,0.0,1.0,11.0,0.0,0.0,2026
00-0033729,0.0,0.0,0.0,0.0,0.0,0.0,0.0,0.0,0.0,2026
00-0033757,0.0,0.0,0.0,0.0,0.0,1.0,2.0,0.0,0.0,2026
00-0033787,0.0,0.0,0.0,0.0,0.0,0.0,0.0,0.0,0.0,2026
00-0033858,0.0,0.0,0.0,0.0,0.0,1.6666666666666667,28.333333333333332,0.0,0.0,2026
00-0033860,0.0,0.0,0.0,0.0,0.0,0.0,0.0,0.0,0.0,2026
00-0033870,0.0,0.0,0.0,0.0,0.0,0.0,0.0,0.0,0.0,2026
00-0033873,259.25,2.25,0.5,10.25,0.25,0.0,0.0,0.0,0.0,2026
00-0033876,0.0,0.0,0.0,0.0,0.0,0.0,0.0,0.0,0.0,2026
00-0033877,0.0,0.0,0.0,0.0,0.0,0.0,0.0,0.0,0.0,2026
00-0033881,0.0,0.0,0.0,0.0,0.0,1.5,16.5,0.25,0.0,2026
00-0033885,0.0,0.0,0.0,0.0,0.0,3.0,33.5,0.0,0.0,2026
00-0033886,0.0,0.0,0.0,0.0,0.0,0.0,0.0,0.0,0.0,2026
00-0033890,0.0,0.0,0.0,0.0,0.0,0.0,0.0,0.0,0.0,2026
00-0033904,0.0,0.0,0.0,0.0,0.0,0.0,0.0,0.0,0.0,2026
00-0033906,0.0,0.0,0.0,24.666666666666668,0.6666666666666666,3.6666666666666665,15.666666666666666,0.0,0.0,2026
00-0033908,0.0,0.0,0.0,0.0,0.0,2.25,28.5,0.25,0.0,2026
00-0033914,0.0,0.0,0.0,0.0,0.0,0.0,0.0,0.0,0.0,2026
00-0033918,0.0,0.0,0.0,0.0,0.0,0.0,0.0,0.0,0.0,2026
00-0033921,0.0,0.0,0.0,3.6,0.0,3.8,35.8,0.0,0.0,2026
00-0033928,0.0,0.0,0.0,0.0,0.0,0.0,0.0,0.0,0.0,2026
00-0033935,0.0,0.0,0.0,0.0,0.0,0.0,0.0,0.0,0.0,2026
00-0033941,0.0,0.0,0.0,0.0,0.0,0.0,0.0,0.0,0.0,2026
00-0033945,0.0,0.0,0.0,0.0,0.0,0.0,0.0,0.0,0.0,2026
00-0033952,0.0,0.0,0.0,0.0,0.0,0.0,0.0,0.0,0.0,2026
00-0033964,0.0,0.0,0.0,0.0,0.0,0.0,0.0,0.0,0.0,2026
00-0034091,0.0,0.0,0.0,0.0,0.0,0.0,0.0,0.0,0.0,2026
00-0034112,0.0,0.0,0.0,0.0,0.0,0.0,0.0,0.0,0.0,2026
00-0034158,0.0,0.0,0.0,0.0,0.0,0.0,0.0,0.0,0.0,2026
00-0034160,0.0,0.0,0.0,0.0,0.0,0.0,0.0,0.0,0.0,2026
00-0034161,0.0,0.0,0.0,0.0,0.0,0.0,0.0,0.0,0.0,2026
00-0034162,0.0,0.0,0.0,0.0,0.0,0.0,0.0,0.0,0.0,2026
00-0034163,0.0,0.0,0.0,0.0,0.0,0.0,0.0,0.0,0.0,2026
00-0034173,0.0,0.0,0.0,0.0,0.0,0.0,0.0,0.0,0.0,2026
00-0034234,0.0,0.0,0.0,0.0,0.0,0.0,0.0,0.0,0.0,2026
00-0034248,0.0,0.0,0.0,0.0,0.0,0.0,0.0,0.0,0.0,2026
00-0034272,0.0,0.0,0.0,0.0,0.0,0.0,0.0,0.0,0.0,2026
00-0034275,0.0,0.0,0.0,0.0,0.0,0.0,0.0,0.0,0.0,2026
00-0034278,0.0,0.0,0.0,0.0,0.0,0.0,0.0,0.0,0.0,2026
00-0034285,0.0,0.0,0.0,0.0,0.0,0.0,0.0,0.0,0.0,2026
00-0034302,0.0,0.0,0.0,0.0,0.0,0.0,0.0,0.0,0.0,2026
00-0034320,0.0,0.0,0.0,0.0,0.0,0.0,0.0,0.0,0.0,2026
00-0034333,0.0,0.0,0.0,0.0,0.0,0.0,0.0,0.0,0.0,2026
00-0034344,0.0,0.0,0.0,0.0,0.0,0.0,0.0,0.0,0.0,2026
00-0034348,0.0,0.0,0.0,0.0,0.0,2.25,21.5,0.0,0.0,2026
00-0034350,0.0,0.0,0.0,0.0,0.0,0.0,0.0,0.0,0.0,2026
00-0034351,0.0,0.0,0.0,0.0,0.0,2.5,40.5,1.0,0.0,2026
00-0034356,0.0,0.0,0.0,0.0,0.0,0.0,0.0,0.0,0.0,2026
00-0034361,0.0,0.0,0.0,0.0,0.0,0.0,0.0,0.0,0.0,2026
00-0034365,0.0,0.0,0.0,0.0,0.0,1.5,21.5,0.5,0.0,2026
00-0034373,0.0,0.0,0.0,0.0,0.0,0.0,0.0,0.0,0.0,2026
00-0034376,0.0,0.0,0.0,0.0,0.0,0.0,0.0,0.0,0.0,2026
00-0034377,0.0,0.0,0.0,0.0,0.0,0.0,0.0,0.0,0.0,2026
00-0034381,0.0,0.0,0.0,0.0,0.0,0.0,0.0,0.0,0.0,2026
00-0034383,0.0,0.0,0.0,0.0,0.0,5.25,53.5,0.0,0.0,2026
00-0034384,0.0,0.0,0.0,0.0,0.0,0.0,0.0,0.0,0.0,2026
00-0034391,0.0,0.0,0.0,0.0,0.0,0.0,0.0,0.0,0.0,2026
00-0034397,0.0,0.0,0.0,0.0,0.0,0.0,0.0,0.0,0.0,2026
00-0034413,0.0,0.0,0.0,0.0,0.0,0.0,0.0,0.0,0.0,2026
00-0034419,0.0,0.0,0.0,0.0,0.0,0.0,0.0,0.0,0.0,2026
00-0034429,0.0,0.0,0.0,0.0,0.0,0.0,0.0,0.0,0.0,2026
00-0034431,0.0,0.0,0.0,0.0,0.0,0.0,0.0,0.0,0.0,2026
00-0034437,0.0,0.0,0.0,0.0,0.0,0.0,0.0,0.0,0.0,2026
00-0034446,0.0,0.0,0.0,0.0,0.0,0.0,0.0,0.0,0.0,2026
00-0034465,0.0,0.0,0.0,0.0,0.0,0.0,0.0,0.0,0.0,2026
00-0034473,0.0,0.0,0.0,0.0,0.0,0.0,0.0,0.0,0.0,2026
00-0034485,0.0,0.0,0.0,0.0,0.0,0.0,0.0,0.0,0.0,2026
00-0034495,0.0,0.0,0.0,0.0,0.0,0.0,0.0,0.0,0.0,2026
00-0034573,0.0,0.0,0.0,0.0,0.0,0.0,0.0,0.0,0.0,2026
00-0034613,0.0,0.0,0.0,0.0,0.0,1.3333333333333333,6.333333333333333,0.0,0.0,2026
00-0034639,0.0,0.0,0.0,0.0,0.0,0.0,0.0,0.0,0.0,2026
00-0034657,0.0,0.0,0.0,0.0,0.0,0.0,0.0,0.0,0.0,2026
00-0034673,0.0,0.0,0.0,0.0,0.0,0.0,0.0,0.0,0.0,2026
00-0034675,0.0,0.0,0.0,0.0,0.0,0.0,0.0,0.0,0.0,2026
00-0034720,0.0,0.0,0.0,0.0,0.0,0.0,0.0,0.0,0.0,2026
00-0034721,0.0,0.0,0.0,0.0,0.0,0.0,0.0,0.0,0.0,2026
00-0034752,0.0,0.0,0.0,0.0,0.0,0.0,0.0,0.0,0.0,2026
00-0034753,0.0,0.0,0.0,0.0,0.0,4.5,37.25,0.25,0.0,2026
00-0034754,0.0,0.0,0.0,0.0,0.0,0.0,0.0,0.0,0.0,2026
00-0034760,0.0,0.0,0.0,0.0,0.0,0.0,0.0,0.0,0.0,2026
00-0034771,0.0,0.0,0.0,3.0,0.0,0.0,0.0,0.0,0.0,2026
00-0034773,0.0,0.0,0.0,0.0,0.0,0.0,0.0,0.0,0.0,2026
00-0034778,0.0,0.0,0.0,0.0,0.0,0.0,0.0,0.0,0.0,2026
00-0034782,0.0,0.0,0.0,0.0,0.0,0.0,0.0,0.0,0.0,2026
00-0034789,0.0,0.0,0.0,0.0,0.0,0.0,0.0,0.0,0.0,2026
00-0034790,0.0,0.0,0.0,0.0,0.0,0.0,0.0,0.0,0.0,2026
00-0034794,0.0,0.0,0.0,0.0,0.0,0.0,0.0,0.0,0.0,2026
00-0034796,241.75,1.5,0.25,36.0,0.25,0.0,0.0,0.0,0.25,2026
00-0034798,0.0,0.0,0.0,0.0,0.0,0.3333333333333333,1.3333333333333333,0.0,0.0,2026
00-0034800,0.0,0.0,0.0,0.0,0.0,0.0,0.0,0.0,0.0,2026
00-0034801,0.0,0.0,0.0,0.0,0.0,0.0,0.0,0.0,0.0,2026
00-0034805,0.0,0.0,0.0,0.0,0.0,0.0,0.0,0.0,0.0,2026
00-0034807,0.0,0.0,0.0,0.0,0.0,0.0,0.0,0.0,0.0,2026
00-0034810,0.0,0.0,0.0,0.0,0.0,0.0,0.0,0.0,0.0,2026
00-0034815,0.0,0.0,0.0,0.0,0.0,0.0,0.0,0.0,0.0,2026
00-0034825,0.0,0.0,0.0,0.0,0.0,0.0,0.0,0.0,0.0,2026
00-0034827,0.0,0.0,0.0,1.25,0.0,3.0,44.5,0.25,0.0,2026
00-0034829,0.0,0.0,0.0,0.0,0.0,3.6666666666666665,51.666666666666664,1.0,0.0,2026
00-0034832,0.0,0.0,0.0,0.0,0.0,0.0,0.0,0.0,0.0,2026
00-0034837,0.0,0.0,0.0,0.0,0.0,1.0,16.0,0.0,0.0,2026
00-0034843,0.0,0.0,0.0,0.0,0.0,0.0,0.0,0.0,0.0,2026
00-0034844,0.0,0.0,0.0,45.5,0.0,1.0,2.0,0.0,0.0,2026
00-0034847,0.0,0.0,0.0,0.0,0.0,0.0,0.0,0.0,0.0,2026
00-0034854,0.0,0.0,0.0,0.0,0.0,0.3333333333333333,6.0,0.0,0.0,2026
00-0034855,205.0,0.6666666666666666,0.6666666666666666,21.666666666666668,0.3333333333333333,0.0,0.0,0.0,1.0,2026
00-0034856,0.0,0.0,0.0,0.0,0.0,0.0,0.0,0.0,0.0,2026
00-0034857,259.75,1.5,0.75,29.5,1.75,0.25,0.25,0.0,0.25,2026
00-0034869,186.66666666666666,2.0,1.0,3.6666666666666665,0.0,0.0,0.0,0.0,0.0,2026
00-0034874,0.0,0.0,0.0,0.0,0.0,0.0,0.0,0.0,0.0,2026
00-0034941,0.0,0.0,0.0,0.0,0.0,0.0,0.0,0.0,0.0,2026
00-0034959,0.0,0.0,0.0,0.0,0.0,0.0,0.0,0.0,0.0,2026
00-0034960,0.0,0.0,0.0,0.5,0.0,3.25,41.25,0.5,0.0,2026
00-0034967,0.0,0.0,0.0,0.0,0.0,0.0,0.0,0.0,0.0,2026
00-0034973,0.0,0.0,0.0,0.0,0.0,0.0,0.0,0.0,0.0,2026
00-0034974,0.0,0.0,0.0,0.0,0.0,0.0,0.0,0.0,0.0,2026
00-0034975,0.0,0.0,0.0,15.0,0.0,1.25,11.0,0.0,0.0,2026
00-0034981,0.0,0.0,0.0,0.0,0.0,1.75,14.25,0.25,0.0,2026
00-0034982,0.0,0.0,0.0,0.0,0.0,0.0,0.0,0.0,0.0,2026
00-0034993,0.0,0.0,0.0,0.0,0.0,0.0,0.0,0.0,0.0,2026
00-0035021,0.0,0.0,0.0,0.0,0.0,1.5,14.5,0.0,0.0,2026
00-0035026,0.0,0.0,0.0,0.0,0.0,0.0,0.0,0.0,0.0,2026
00-0035125,0.0,0.0,0.0,0.0,0.0,1.0,11.666666666666666,0.0,0.0,2026
00-0035133,0.0,0.0,0.0,0.0,0.0,0.0,0.0,0.0,0.0,2026
00-0035144,0.0,0.0,0.0,0.0,0.0,0.0,0.0,0.0,0.0,2026
00-0035156,0.0,0.0,0.0,0.0,0.0,0.0,0.0,0.0,0.0,2026
00-0035166,0.0,0.0,0.0,0.0,0.0,0.0,0.0,0.0,0.0,2026
00-0035190,0.0,0.0,0.0,0.0,0.0,0.0,0.0,0.0,0.0,2026
00-0035192,0.0,0.0,0.0,0.0,0.0,0.0,0.0,0.0,0.0,2026
00-0035202,0.0,0.0,0.0,0.0,0.0,0.0,0.0,0.0,0.0,2026
00-0035208,0.0,0.0,0.0,0.0,0.0,1.0,4.25,0.0,0.0,2026
00-0035227,0.0,0.0,0.0,0.0,0.0,0.0,0.0,0.0,0.0,2026
00-0035228,144.33333333333334,0.3333333333333333,0.6666666666666666,14.0,0.0,0.0,0.0,0.0,0.0,2026
00-0035229,0.0,0.0,0.0,0.0,0.0,5.5,48.75,0.25,0.0,2026
00-0035230,0.0,0.0,0.0,0.0,0.0,0.0,0.0,0.0,0.0,2026
00-0035234,0.0,0.0,0.0,0.0,0.0,0.0,0.0,0.0,0.0,2026
00-0035236,0.0,0.0,0.0,0.0,0.0,0.0,0.0,0.0,0.0,2026
00-0035237,0.0,0.0,0.0,0.0,0.0,0.0,0.0,0.0,0.0,2026
00-0035240,0.0,0.0,0.0,0.0,0.0,0.0,0.0,0.0,0.0,2026
00-0035248,0.0,0.0,0.0,0.0,0.0,0.0,0.0,0.0,0.0,2026
00-0035249,0.0,0.0,0.0,0.0,0.0,1.0,15.333333333333334,0.0,0.0,2026
00-0035250,0.0,0.0,0.0,12.5,0.0,2.0,11.0,0.5,0.0,2026
00-0035253,0.0,0.0,0.0,0.0,0.0,0.0,0.0,0.0,0.0,2026
00-0035254,0.0,0.0,0.0,0.0,0.0,0.0,0.0,0.0,0.0,2026
00-0035258,0.0,0.0,0.0,0.0,0.0,0.0,0.0,0.0,0.0,2026
00-0035261,0.0,0.0,0.0,55.25,0.25,2.0,6.0,0.0,0.0,2026
00-0035262,0.0,0.0,0.0,0.0,0.0,0.0,0.0,0.0,0.0,2026
00-0035269,0.0,0.0,0.0,0.0,0.0,0.0,0.0,0.0,0.0,2026
00-0035272,0.0,0.0,0.0,0.0,0.0,0.0,0.0,0.0,0.0,2026
00-0035276,0.0,0.0,0.0,0.0,0.0,0.0,0.0,0.0,0.0,2026
00-0035277,0.0,0.0,0.0,0.0,0.0,0.0,0.0,0.0,0.0,2026
00-0035279,0.0,0.0,0.0,0.0,0.0,0.0,0.0,0.0,0.0,2026
00-0035280,0.0,0.0,0.0,0.0,0.0,0.0,0.0,0.0,0.0,2026
00-0035286,0.0,0.0,0.0,0.0,0.0,0.0,0.0,0.0,0.0,2026
00-0035316,0.0,0.0,0.0,0.0,0.0,0.0,0.0,0.0,0.0,2026
00-0035352,0.0,0.0,0.0,0.0,0.0,0.0,0.0,0.0,0.0,2026
00-0035357,0.0,0.0,0.0,0.0,0.0,0.0,0.0,0.0,0.0,2026
00-0035358,0.0,0.0,0.0,0.0,0.0,0.0,0.0,0.0,0.0,2026
00-0035363,0.0,0.0,0.0,0.0,0.0,0.0,0.0,0.0,0.0,2026
00-0035378,0.0,0.0,0.0,0.0,0.0,0.0,0.0,0.0,0.0,2026
00-0035386,0.0,0.0,0.0,0.0,0.0,0.0,0.0,0.0,0.0,2026
00-0035402,0.0,0.0,0.0,0.0,0.0,0.0,0.0,0.0,0.0,2026
00-0035406,0.0,0.0,0.0,0.0,0.0,0.0,0.0,0.0,0.0,2026
00-0035408,0.0,0.0,0.0,0.0,0.0,0.0,0.0,0.0,0.0,2026
00-0035409,0.0,0.0,0.0,0.0,0.0,0.0,0.0,0.0,0.0,2026
00-0035413,0.0,0.0,0.0,0.0,0.0,0.0,0.0,0.0,0.0,2026
00-0035500,0.0,0.0,0.0,0.0,0.0,0.0,0.0,0.0,0.0,2026
00-0035525,0.0,0.0,0.0,0.0,0.0,0.0,0.0,0.0,0.0,2026
00-0035526,0.0,0.0,0.0,0.0,0.0,0.0,0.0,0.0,0.0,2026
00-0035537,0.0,0.0,0.0,1.5,0.0,3.0,29.5,0.0,0.0,2026
00-0035544,0.0,0.0,0.0,0.0,0.0,0.0,0.0,0.0,0.0,2026
00-0035567,0.0,0.0,0.0,4.0,0.0,0.0,0.0,0.0,0.0,2026
00-0035588,0.0,0.0,0.0,0.0,0.0,0.0,0.0,0.0,0.0,2026
00-0035594,0.0,0.0,0.0,5.0,0.0,0.0,0.0,0.0,0.0,2026
00-0035602,0.0,0.0,0.0,0.0,0.0,0.0,0.0,0.0,0.0,2026
00-0035617,0.0,0.0,0.0,0.0,0.0,0.0,0.0,0.0,0.0,2026
00-0035630,0.0,0.0,0.0,0.0,0.0,0.0,0.0,0.0,0.0,2026
00-0035631,0.0,0.0,0.0,0.0,0.0,2.0,9.5,0.0,0.0,2026
00-0035632,0.0,0.0,0.0,0.0,0.0,0.0,0.0,0.0,0.0,2026
00-0035636,0.0,0.0,0.0,0.0,0.0,0.0,0.0,0.0,0.0,2026
00-0035637,0.0,0.0,0.0,0.0,0.0,0.0,0.0,0.0,0.0,2026
00-0035640,0.0,0.0,0.0,0.0,0.0,4.0,53.25,0.25,0.0,2026
00-0035642,0.0,0.0,0.0,0.0,0.0,0.0,0.0,0.0,0.0,2026
00-0035643,0.0,0.0,0.0,0.0,0.0,0.0,0.0,0.0,0.0,2026
00-0035644,0.0,0.0,0.0,0.0,0.0,2.6666666666666665,22.0,1.0,0.0,2026
00-0035647,0.0,0.0,0.0,0.0,0.0,0.0,0.0,0.0,0.0,2026
00-0035659,0.0,0.0,0.0,0.0,0.0,3.3333333333333335,47.0,0.3333333333333333,0.0,2026
00-0035662,0.0,0.0,0.0,12.0,0.0,0.0,0.0,0.0,0.0,2026
00-0035667,0.0,0.0,0.0,0.0,0.0,0.0,0.0,0.0,0.0,2026
00-0035669,0.0,0.0,0.0,0.0,0.0,0.0,0.0,0.0,0.0,2026
00-0035672,0.0,0.0,0.0,0.0,0.0,0.0,0.0,0.0,0.0,2026
00-0035674,0.0,0.0,0.0,0.0,0.0,0.0,0.0,0.0,0.0,2026
00-0035676,0.0,0.0,0.0,0.0,0.0,3.0,26.0,0.0,0.0,2026
00-0035678,0.0,0.0,0.0,0.0,0.0,0.0,0.0,0.0,0.0,2026
00-0035679,0.0,0.0,0.0,0.0,0.0,0.0,0.0,0.0,0.0,2026
00-0035680,0.0,0.0,0.0,0.0,0.0,0.0,0.0,0.0,0.0,2026
00-0035683,0.0,0.0,0.0,0.0,0.0,0.0,0.0,0.0,0.0,2026
00-0035685,0.0,0.0,0.0,31.75,0.5,1.75,16.75,0.25,0.0,2026
00-0035687,0.0,0.0,0.0,0.0,0.0,0.0,0.0,0.0,0.0,2026
00-0035689,0.0,0.0,0.0,0.0,0.0,1.5,7.5,0.25,0.0,2026
00-0035692,0.0,0.0,0.0,0.0,0.0,0.0,0.0,0.0,0.0,2026
00-0035699,0.0,0.0,0.0,0.0,0.0,0.0,0.0,0.0,0.0,2026
00-0035702,0.0,0.0,0.0,0.0,0.0,0.0,0.0,0.0,0.0,2026
00-0035704,211.0,2.0,0.0,6.5,0.0,0.0,0.0,0.0,0.0,2026
00-0035705,0.0,0.0,0.0,0.0,0.0,0.0,0.0,0.0,0.0,2026
00-0035707,0.0,0.0,0.0,0.0,0.0,0.0,0.0,0.0,0.0,2026
00-0035710,188.5,0.75,1.0,5.25,0.25,0.0,0.0,0.0,0.75,2026
00-0035713,0.0,0.0,0.0,0.0,0.0,0.0,0.0,0.0,0.0,2026
00-0035717,0.0,0.0,0.0,0.0,0.0,0.0,0.0,0.0,0.0,2026
00-0035718,0.0,0.0,0.0,0.0,0.0,0.0,0.0,0.0,0.0,2026
00-0035719,0.0,0.0,0.0,18.5,0.0,3.5,46.25,0.75,0.0,2026
00-0035763,0.0,0.0,0.0,0.0,0.0,0.0,0.0,0.0,0.0,2026
00-0035795,0.0,0.0,0.0,0.0,0.0,0.0,0.0,0.0,0.0,2026
00-0035821,0.0,0.0,0.0,0.0,0.0,0.0,0.0,0.0,0.0,2026
00-0035827,0.0,0.0,0.0,0.0,0.0,0.0,0.0,0.0,0.0,2026
00-0035859,0.0,0.0,0.0,0.0,0.0,0.0,0.0,0.0,0.0,2026
00-0035889,0.0,0.0,0.0,0.0,0.0,0.0,0.0,0.0,0.0,2026
00-0035891,0.0,0.0,0.0,0.0,0.0,1.25,16.0,0.75,0.0,2026
00-0035900,0.0,0.0,0.0,0.0,0.0,0.0,0.0,0.0,0.0,2026
00-0035933,0.0,0.0,0.0,0.0,0.0,0.0,0.0,0.0,0.0,2026
00-0035942,0.0,0.0,0.0,0.0,0.0,0.0,0.0,0.0,0.0,2026
00-0035993,63.0,0.0,0.0,16.0,0.0,0.0,0.0,0.0,0.0,2026
00-0036036,0.0,0.0,0.0,0.0,0.0,0.0,0.0,0.0,0.0,2026
00-0036037,0.0,0.0,0.0,0.0,0.0,0.0,0.0,0.0,0.0,2026
00-0036040,0.0,0.0,0.0,0.0,0.0,5.25,58.0,0.75,0.25,2026
00-0036081,0.0,0.0,0.0,0.0,0.0,0.0,0.0,0.0,0.0,2026
00-0036124,0.0,0.0,0.0,0.0,0.0,0.0,0.0,0.0,0.0,2026
00-0036130,0.0,0.0,0.0,0.0,0.0,0.0,0.0,0.0,0.0,2026
00-0036132,0.0,0.0,0.0,0.0,0.0,0.0,0.0,0.0,0.0,2026
00-0036139,0.0,0.0,0.0,18.5,0.0,2.0,14.0,0.0,0.0,2026
00-0036157,0.0,0.0,0.0,0.0,0.0,0.0,0.0,0.0,0.0,2026
00-0036158,0.0,0.0,0.0,40.25,0.0,0.75,4.0,0.0,0.0,2026
00-0036159,0.0,0.0,0.0,0.0,0.0,0.0,0.0,0.0,0.0,2026
00-0036162,0.0,0.0,0.0,0.0,0.0,0.0,0.0,0.0,0.0,2026
00-0036171,0.0,0.0,0.0,0.0,0.0,0.0,0.0,0.0,0.0,2026
00-0036181,0.0,0.0,0.0,0.0,0.0,0.0,0.0,0.0,0.0,2026
00-0036182,0.0,0.0,0.0,0.0,0.0,0.0,0.0,0.0,0.0,2026
00-0036187,0.0,0.0,0.0,0.0,0.0,1.0,4.0,0.0,0.0,2026
00-0036192,0.0,0.0,0.0,0.0,0.0,0.0,0.0,0.0,0.0,2026
00-0036193,0.0,0.0,0.0,0.0,0.0,0.0,0.0,0.0,0.0,2026
00-0036204,0.0,0.0,0.0,0.0,0.0,0.0,0.0,0.0,0.0,2026
00-0036220,0.0,0.0,0.0,0.0,0.0,0.0,0.0,0.0,0.0,2026
00-0036221,0.0,0.0,0.0,0.0,0.0,0.0,0.0,0.0,0.0,2026
00-0036222,0.0,0.0,0.0,0.0,0.0,0.0,0.0,0.0,0.0,2026
00-0036223,0.0,0.0,0.0,88.25,1.5,2.5,17.25,0.0,0.25,2026
00-0036224,0.0,0.0,0.0,0.0,0.0,0.0,0.0,0.0,0.0,2026
00-0036231,0.0,0.0,0.0,0.0,0.0,0.0,0.0,0.0,0.0,2026
00-0036237,0.0,0.0,0.0,0.0,0.0,0.0,0.0,0.0,0.0,2026
00-0036244,0.0,0.0,0.0,0.0,0.0,1.0,7.0,0.0,0.0,2026
00-0036246,0.0,0.0,0.0,0.0,0.0,0.0,0.0,0.0,0.0,2026
00-0036248,0.0,0.0,0.0,0.0,0.0,0.0,0.0,0.0,0.0,2026
00-0036252,0.0,0.0,0.0,0.0,0.0,2.3333333333333335,29.666666666666668,0.0,0.0,2026
00-0036253,0.0,0.0,0.0,0.0,0.0,0.0,0.0,0.0,0.0,2026
00-0036256,0.0,0.0,0.0,0.0,0.0,0.0,0.0,0.0,0.0,2026
00-0036258,0.0,0.0,0.0,0.0,0.0,0.0,0.0,0.0,0.0,2026
00-0036259,0.0,0.0,0.0,0.0,0.0,0.6666666666666666,3.0,0.0,0.0,2026
00-0036260,0.0,0.0,0.0,0.0,0.0,0.0,0.0,0.0,0.0,2026
00-0036262,0.0,0.0,0.0,0.0,0.0,0.0,0.0,0.0,0.0,2026
00-0036264,260.25,2.0,0.75,-2.0,0.0,0.0,0.0,0.0,0.25,2026
00-0036265,0.0,0.0,0.0,10.75,0.0,0.5,0.75,0.0,0.0,2026
00-0036266,0.0,0.0,0.0,0.0,0.0,0.0,0.0,0.0,0.0,2026
00-0036272,0.0,0.0,0.0,0.0,0.0,0.0,0.0,0.0,0.0,2026
00-0036275,0.0,0.0,0.0,77.75,0.75,2.5,21.0,0.0,0.5,2026
00-0036280,0.0,0.0,0.0,0.0,0.0,0.0,0.0,0.0,0.0,2026
00-0036281,0.0,0.0,0.0,0.0,0.0,0.0,0.0,0.0,0.0,2026
00-0036282,0.0,0.0,0.0,0.0,0.0,0.0,0.0,0.0,0.0,2026
00-0036285,0.0,0.0,0.0,0.0,0.0,0.0,0.0,0.0,0.0,2026
00-0036286,0.0,0.0,0.0,0.0,0.0,0.0,0.0,0.0,0.0,2026
00-0036287,0.0,0.0,0.0,0.0,0.0,0.0,0.0,0.0,0.0,2026
00-0036290,0.0,0.0,0.0,0.0,0.0,1.0,12.0,0.25,0.0,2026
00-0036292,0.0,0.0,0.0,0.0,0.0,0.0,0.0,0.0,0.0,2026
00-0036293,0.0,0.0,0.0,0.0,0.0,0.0,0.0,0.0,0.0,2026
00-0036298,0.0,0.0,0.0,0.0,0.0,0.0,0.0,0.0,0.0,2026
00-0036302,0.0,0.0,0.0,0.0,0.0,0.0,0.0,0.0,0.0,2026
00-0036305,0.0,0.0,0.0,0.0,0.0,0.0,0.0,0.0,0.0,2026
00-0036306,0.0,0.0,0.0,0.0,0.0,0.0,0.0,0.0,0.0,2026
00-0036307,0.0,0.0,0.0,0.0,0.0,0.0,0.0,0.0,0.0,2026
00-0036309,0.0,0.0,0.0,2.25,0.0,1.5,23.75,0.0,0.0,2026
00-0036313,0.0,0.0,0.0,0.0,0.0,0.0,0.0,0.0,0.0,2026
00-0036321,0.0,0.0,0.0,0.0,0.0,0.0,0.0,0.0,0.0,2026
00-0036322,0.0,0.0,0.0,0.0,0.0,4.333333333333333,59.666666666666664,0.6666666666666666,0.0,2026
00-0036323,0.0,0.0,0.0,0.0,0.0,0.0,0.0,0.0,0.0,2026
00-0036325,0.0,0.0,0.0,0.0,0.0,0.0,0.0,0.0,0.0,2026
00-0036327,0.0,0.0,0.0,0.0,0.0,0.0,0.0,0.0,0.0,2026
00-0036329,0.0,0.0,0.0,0.0,0.0,0.0,0.0,0.0,0.0,2026
00-0036331,0.0,0.0,0.0,0.0,0.0,0.0,0.0,0.0,0.0,2026
00-0036333,0.0,0.0,0.0,0.0,0.0,0.0,0.0,0.0,0.0,2026
00-0036335,0.0,0.0,0.0,0.0,0.0,0.0,0.0,0.0,0.0,2026
00-0036337,0.0,0.0,0.0,0.0,0.0,0.0,0.0,0.0,0.0,2026
00-0036338,0.0,0.0,0.0,0.0,0.0,0.0,0.0,0.0,0.0,2026
00-0036339,0.0,0.0,0.0,0.0,0.0,0.0,0.0,0.0,0.0,2026
00-0036341,0.0,0.0,0.0,0.0,0.0,0.0,0.0,0.0,0.0,2026
00-0036347,0.0,0.0,0.0,0.0,0.0,0.0,0.0,0.0,0.0,2026
00-0036348,0.0,0.0,0.0,0.0,0.0,0.0,0.0,0.0,0.0,2026
00-0036349,0.0,0.0,0.0,0.0,0.0,0.0,0.0,0.0,0.0,2026
00-0036355,204.0,1.0,1.5,22.0,0.0,0.0,0.0,0.0,0.25,2026
00-0036356,0.0,0.0,0.0,0.0,0.0,0.0,0.0,0.0,0.0,2026
00-0036358,0.0,0.0,0.0,-1.2,0.0,7.8,101.4,0.8,0.0,2026
00-0036362,0.0,0.0,0.0,0.0,0.0,0.0,0.0,0.0,0.0,2026
00-0036363,0.0,0.0,0.0,0.0,0.0,0.0,0.0,0.0,0.0,2026
00-0036366,0.0,0.0,0.0,0.0,0.0,0.0,0.0,0.0,0.0,2026
00-0036369,0.0,0.0,0.0,0.0,0.0,0.0,0.0,0.0,0.0,2026
00-0036374,0.0,0.0,0.0,0.0,0.0,0.0,0.0,0.0,0.0,2026
00-0036375,0.0,0.0,0.0,0.0,0.0,0.0,0.0,0.0,0.0,2026
00-0036378,0.0,0.0,0.0,0.0,0.0,0.0,0.0,0.0,0.0,2026
00-0036380,0.0,0.0,0.0,0.0,0.0,0.0,0.0,0.0,0.0,2026
00-0036386,0.0,0.0,0.0,0.0,0.0,0.0,0.0,0.0,0.0,2026
00-0036388,0.0,0.0,0.0,0.0,0.0,0.0,0.0,0.0,0.0,2026
00-0036389,178.25,1.75,0.75,26.25,0.25,0.0,0.0,0.0,0.0,2026
00-0036406,0.0,0.0,0.0,0.0,0.0,0.0,0.0,0.0,0.0,2026
00-0036407,0.0,0.0,0.0,0.0,0.0,1.6666666666666667,20.666666666666668,0.0,0.0,2026
00-0036408,0.0,0.0,0.0,0.0,0.0,0.0,0.0,0.0,0.0,2026
00-0036409,0.0,0.0,0.0,0.0,0.0,0.0,0.0,0.0,0.0,2026
00-0036410,0.0,0.0,0.0,0.0,0.0,6.25,100.25,0.25,0.0,2026
00-0036411,0.0,0.0,0.0,0.0,0.0,0.0,0.0,0.0,0.0,2026
00-0036416,0.0,0.0,0.0,0.0,0.0,0.0,0.0,0.0,0.0,2026
00-0036418,0.0,0.0,0.0,0.0,0.0,0.0,0.0,0.0,0.0,2026
00-0036421,0.0,0.0,0.0,0.0,0.0,0.0,0.0,0.0,0.0,2026
00-0036422,0.0,0.0,0.0,0.0,0.0,1.0,5.0,0.0,0.0,2026
00-0036425,0.0,0.0,0.0,2.5,0.0,0.75,5.75,0.0,0.0,2026
00-0036428,0.0,0.0,0.0,0.0,0.0,0.0,0.0,0.0,0.0,2026
00-0036429,0.0,0.0,0.0,0.0,0.0,0.0,0.0,0.0,0.0,2026
00-0036441,0.0,0.0,0.0,0.0,0.0,0.0,0.0,0.0,0.0,2026
00-0036442,292.75,1.75,0.75,9.5,0.25,0.0,0.0,0.0,0.25,2026
00-0036443,0.0,0.0,0.0,0.0,0.0,0.0,0.0,0.0,0.0,2026
00-0036463,0.0,0.0,0.0,0.0,0.0,0.25,1.5,0.0,0.0,2026
00-0036479,0.0,0.0,0.0,0.0,0.0,0.0,0.0,0.0,0.0,2026
00-0036480,0.0,0.0,0.0,0.0,0.0,0.0,0.0,0.0,0.0,2026
00-0036483,0.0,0.0,0.0,0.0,0.0,0.0,0.0,0.0,0.0,2026
00-0036500,0.0,0.0,0.0,0.0,0.0,0.0,0.0,0.0,0.0,2026
00-0036501,0.0,0.0,0.0,0.0,0.0,0.0,0.0,0.0,0.0,2026
00-0036502,0.0,0.0,0.0,0.0,0.0,0.0,0.0,0.0,0.0,2026
00-0036504,0.0,0.0,0.0,0.0,0.0,0.0,0.0,0.0,0.0,2026
00-0036550,0.0,0.0,0.0,0.0,0.0,2.75,42.75,0.25,0.0,2026
00-0036554,0.0,0.0,0.0,3.5,0.0,7.0,96.5,1.5,0.0,2026
00-0036555,0.0,0.0,0.0,76.5,0.75,2.5,21.0,0.5,0.0,2026
00-0036556,0.0,0.0,0.0,0.0,0.0,1.0,13.0,0.0,0.0,2026
00-0036557,0.0,0.0,0.0,0.0,0.0,0.0,0.0,0.0,0.0,2026
00-0036563,0.0,0.0,0.0,0.0,0.0,0.0,0.0,0.0,0.0,2026
00-0036564,0.0,0.0,0.0,0.0,0.0,0.0,0.0,0.0,0.0,2026
00-0036568,0.0,0.0,0.0,0.0,0.0,0.0,0.0,0.0,0.0,2026
00-0036587,0.0,0.0,0.0,0.0,0.0,0.0,0.0,0.0,0.0,2026
00-0036590,0.0,0.0,0.0,0.0,0.0,0.3333333333333333,2.3333333333333335,0.0,0.0,2026
00-0036603,0.0,0.0,0.0,0.0,0.0,0.0,0.0,0.0,0.0,2026
00-0036613,0.0,0.0,0.0,3.5,0.0,4.0,46.25,0.25,0.0,2026
00-0036617,0.0,0.0,0.0,0.0,0.0,0.0,0.0,0.0,0.0,2026
00-0036621,0.0,0.0,0.0,0.0,0.0,0.0,0.0,0.0,0.0,2026
00-0036622,0.0,0.0,0.0,0.0,0.0,0.0,0.0,0.0,0.0,2026
00-0036623,0.0,0.0,0.0,0.0,0.0,0.0,0.0,0.0,0.0,2026
00-0036624,0.0,0.0,0.0,0.0,0.0,0.0,0.0,0.0,0.0,2026
00-0036625,0.0,0.0,0.0,0.0,0.0,0.0,0.0,0.0,0.0,2026
00-0036626,0.0,0.0,0.0,0.0,0.0,1.75,21.5,0.0,0.25,2026
00-0036628,0.0,0.0,0.0,0.0,0.0,1.5,11.0,0.0,0.0,2026
00-0036629,0.0,0.0,0.0,0.0,0.0,0.0,0.0,0.0,0.0,2026
00-0036630,0.0,0.0,0.0,0.0,0.0,0.0,0.0,0.0,0.0,2026
00-0036637,0.0,0.0,0.0,0.0,0.0,1.5,15.25,0.0,0.0,2026
00-0036642,0.0,0.0,0.0,0.0,0.0,0.0,0.0,0.0,0.0,2026
00-0036646,0.0,0.0,0.0,0.0,0.0,0.0,0.0,0.0,0.0,2026
00-0036648,0.0,0.0,0.0,0.0,0.0,0.0,0.0,0.0,0.0,2026
00-0036653,0.0,0.0,0.0,0.0,0.0,0.0,0.0,0.0,0.0,2026
00-0036655,0.0,0.0,0.0,0.0,0.0,0.0,0.0,0.0,0.0,2026
00-0036658,0.0,0.0,0.0,0.0,0.0,0.0,0.0,0.0,0.0,2026
00-0036660,0.0,0.0,0.0,0.0,0.0,0.0,0.0,0.0,0.0,2026
00-0036672,0.0,0.0,0.0,0.0,0.0,0.0,0.0,0.0,0.0,2026
00-0036677,0.0,0.0,0.0,0.0,0.0,0.0,0.0,0.0,0.0,2026
00-0036682,0.0,0.0,0.0,0.0,0.0,0.0,0.0,0.0,0.0,2026
00-0036683,0.0,0.0,0.0,0.0,0.0,0.0,0.0,0.0,0.0,2026
00-0036695,0.0,0.0,0.0,0.0,0.0,0.0,0.0,0.0,0.0,2026
00-0036716,0.0,0.0,0.0,0.0,0.0,0.0,0.0,0.0,0.0,2026
00-0036727,0.0,0.0,0.0,0.0,0.0,0.3333333333333333,0.6666666666666666,0.0,0.0,2026
00-0036728,0.0,0.0,0.0,0.0,0.0,0.0,0.0,0.0,0.0,2026
00-0036736,0.0,0.0,0.0,0.0,0.0,0.0,0.0,0.0,0.0,2026
00-0036754,0.0,0.0,0.0,0.0,0.0,1.0,5.0,0.0,0.0,2026
00-0036813,0.0,0.0,0.0,0.0,0.0,0.0,0.0,0.0,0.0,2026
00-0036816,0.0,0.0,0.0,0.0,0.0,0.0,0.0,0.0,0.0,2026
00-0036825,0.0,0.0,0.0,0.0,0.0,0.0,0.0,0.0,0.0,2026
00-0036833,0.0,0.0,0.0,0.0,0.0,0.0,0.0,0.0,0.0,2026
00-0036842,0.0,0.0,0.0,0.0,0.0,0.0,0.0,0.0,0.0,2026
00-0036844,0.0,0.0,0.0,0.0,0.0,0.0,0.0,0.0,0.0,2026
00-0036849,0.0,0.0,0.0,0.0,0.0,1.0,13.5,0.0,0.0,2026
00-0036854,0.0,0.0,0.0,0.0,0.0,0.0,0.0,0.0,0.0,2026
00-0036862,0.0,0.0,0.0,0.0,0.0,1.0,10.666666666666666,0.3333333333333333,0.0,2026
00-0036867,0.0,0.0,0.0,0.0,0.0,0.0,0.0,0.0,0.0,2026
00-0036874,0.0,0.0,0.0,0.0,0.0,0.0,0.0,0.0,0.0,2026
00-0036875,0.0,0.0,0.0,40.75,0.25,3.0,22.5,0.0,0.25,2026
00-0036880,0.0,0.0,0.0,0.0,0.0,0.0,0.0,0.0,0.0,2026
00-0036883,0.0,0.0,0.0,0.0,0.0,0.0,0.0,0.0,0.0,2026
00-0036887,0.0,0.0,0.0,0.0,0.0,0.5,4.75,0.0,0.0,2026
00-0036888,0.0,0.0,0.0,0.0,0.0,0.0,0.0,0.0,0.0,2026
00-0036893,0.0,0.0,0.0,29.333333333333332,0.0,0.0,0.0,0.0,0.3333333333333333,2026
00-0036894,0.0,0.0,0.0,0.75,0.0,3.5,31.25,0.5,0.0,2026
00-0036900,0.0,0.0,0.0,0.0,0.0,5.25,53.0,0.75,0.0,2026
00-0036901,0.0,0.0,0.0,0.0,0.0,0.0,0.0,0.0,0.0,2026
00-0036902,0.0,0.0,0.0,0.0,0.0,0.0,0.0,0.0,0.0,2026
00-0036903,0.0,0.0,0.0,0.0,0.0,0.0,0.0,0.0,0.0,2026
00-0036904,0.0,0.0,0.0,0.0,0.0,0.0,0.0,0.0,0.0,2026
00-0036905,0.0,0.0,0.0,0.0,0.0,0.0,0.0,0.0,0.0,2026
00-0036909,0.0,0.0,0.0,0.75,0.0,0.0,0.0,0.0,0.0,2026
00-0036912,0.0,0.0,0.0,0.0,0.0,6.333333333333333,78.33333333333333,0.3333333333333333,0.0,2026
00-0036914,0.0,0.0,0.0,0.0,0.0,0.0,0.0,0.0,0.0,2026
00-0036916,0.0,0.0,0.0,0.0,0.0,0.0,0.0,0.0,0.0,2026
00-0036919,0.0,0.0,0.0,8.8,0.0,2.2,10.8,0.2,0.0,2026
00-0036922,0.0,0.0,0.0,0.0,0.0,0.0,0.0,0.0,0.0,2026
00-0036927,0.0,0.0,0.0,0.0,0.0,0.0,0.0,0.0,0.0,2026
00-0036933,0.0,0.0,0.0,0.0,0.0,0.0,0.0,0.0,0.0,2026
00-0036934,0.0,0.0,0.0,0.0,0.0,0.0,0.0,0.0,0.0,2026
00-0036937,0.0,0.0,0.0,0.0,0.0,0.0,0.0,0.0,0.0,2026
00-0036940,0.0,0.0,0.0,0.0,0.0,0.0,0.0,0.0,0.0,2026
00-0036941,0.0,0.0,0.0,0.0,0.0,0.0,0.0,0.0,0.0,2026
00-0036942,0.0,0.0,0.0,0.0,0.0,0.0,0.0,0.0,0.0,2026
00-0036943,0.0,0.0,0.0,0.0,0.0,0.0,0.0,0.0,0.0,2026
00-0036944,0.0,0.0,0.0,0.0,0.0,0.0,0.0,0.0,0.0,2026
00-0036954,0.0,0.0,0.0,0.0,0.0,0.0,0.0,0.0,0.0,2026
00-0036962,0.0,0.0,0.0,0.0,0.0,0.0,0.0,0.0,0.0,2026
00-0036963,0.0,0.0,0.0,0.0,0.0,7.75,75.75,1.25,0.0,2026
00-0036964,0.0,0.0,0.0,0.0,0.0,0.0,0.0,0.0,0.0,2026
00-0036970,0.0,0.0,0.0,0.0,0.0,1.25,16.75,0.0,0.0,2026
00-0036971,210.75,2.0,0.5,8.5,0.0,0.0,0.0,0.0,0.0,2026
00-0036972,0.0,0.0,0.0,-2.0,0.0,0.0,0.0,0.0,0.0,2026
00-0036973,0.0,0.0,0.0,42.666666666666664,0.0,3.6666666666666665,17.0,0.0,0.0,2026
00-0036974,0.0,0.0,0.0,0.0,0.0,0.0,0.0,0.0,0.0,2026
00-0036976,0.0,0.0,0.0,0.0,0.0,0.0,0.0,0.0,0.0,2026
00-0036979,0.0,0.0,0.0,0.0,0.0,0.0,0.0,0.0,0.0,2026
00-0036981,0.0,0.0,0.0,0.0,0.0,0.0,0.0,0.0,0.0,2026
00-0036982,0.0,0.0,0.0,0.0,0.0,0.0,0.0,0.0,0.0,2026
00-0036985,0.0,0.0,0.0,0.0,0.0,0.0,0.0,0.0,0.0,2026
00-0036986,0.0,0.0,0.0,0.0,0.0,0.0,0.0,0.0,0.0,2026
00-0036987,0.0,0.0,0.0,0.0,0.0,0.0,0.0,0.0,0.0,2026
00-0036988,0.0,0.0,0.0,0.0,0.0,1.0,26.666666666666668,0.6666666666666666,0.0,2026
00-0036989,0.0,0.0,0.0,0.0,0.0,0.0,0.0,0.0,0.0,2026
00-0036990,0.0,0.0,0.0,0.0,0.0,0.0,0.0,0.0,0.0,2026
00-0036992,0.0,0.0,0.0,0.0,0.0,0.0,0.0,0.0,0.0,2026
00-0036993,0.0,0.0,0.0,0.0,0.0,0.0,0.0,0.0,0.0,2026
00-0036994,0.0,0.0,0.0,0.0,0.0,0.0,0.0,0.0,0.0,2026
00-0036995,0.0,0.0,0.0,0.0,0.0,0.0,0.0,0.0,0.0,2026
00-0036996,0.0,0.0,0.0,0.0,0.0,0.0,0.0,0.0,0.0,2026
00-0036997,0.0,0.0,0.0,55.2,1.2,3.4,18.8,0.2,0.0,2026
00-0036998,0.0,0.0,0.0,0.0,0.0,0.0,0.0,0.0,0.0,2026
00-0037001,0.0,0.0,0.0,0.0,0.0,0.0,0.0,0.0,0.0,2026
00-0037002,0.0,0.0,0.0,0.0,0.0,0.0,0.0,0.0,0.0,2026
00-0037003,0.0,0.0,0.0,0.0,0.0,0.0,0.0,0.0,0.0,2026
00-0037004,0.0,0.0,0.0,0.0,0.0,0.5,3.75,0.0,0.0,2026
00-0037005,0.0,0.0,0.0,0.0,0.0,2.75,20.5,0.0,0.0,2026
00-0037007,0.0,0.0,0.0,0.0,0.0,0.0,0.0,0.0,0.0,2026
00-0037009,0.0,0.0,0.0,0.0,0.0,0.0,0.0,0.0,0.0,2026
00-0037034,0.0,0.0,0.0,0.0,0.0,0.0,0.0,0.0,0.0,2026
00-0037051,0.0,0.0,0.0,0.0,0.0,0.0,0.0,0.0,0.0,2026
00-0037073,0.0,0.0,0.0,0.0,0.0,0.0,0.0,0.0,0.0,2026
00-0037074,0.0,0.0,0.0,0.0,0.0,0.0,0.0,0.0,0.0,2026
00-0037075,0.0,0.0,0.0,0.0,0.0,0.0,0.0,0.0,0.0,2026
00-0037076,0.0,0.0,0.0,0.0,0.0,0.0,0.0,0.0,0.0,2026
00-0037079,0.0,0.0,0.0,0.0,0.0,0.0,0.0,0.0,0.0,2026
00-0037081,0.0,0.0,0.0,0.0,0.0,0.0,0.0,0.0,0.0,2026
00-0037082,0.0,0.0,0.0,0.0,0.0,0.0,0.0,0.0,0.0,2026
00-0037083,0.0,0.0,0.0,0.0,0.0,0.0,0.0,0.0,0.0,2026
00-0037085,0.0,0.0,0.0,3.3333333333333335,0.0,1.6666666666666667,24.0,0.0,0.0,2026
00-0037091,0.0,0.0,0.0,0.0,0.0,0.25,2.5,0.0,0.0,2026
00-0037092,0.0,0.0,0.0,0.0,0.0,0.0,0.0,0.0,0.0,2026
00-0037093,0.0,0.0,0.0,0.0,0.0,0.5,9.0,0.0,0.0,2026
00-0037094,0.0,0.0,0.0,0.0,0.0,0.0,0.0,0.0,0.0,2026
00-0037096,0.0,0.0,0.0,0.0,0.0,0.0,0.0,0.0,0.0,2026
00-0037109,0.0,0.0,0.0,0.0,0.0,0.0,0.0,0.0,0.0,2026
00-0037120,0.0,0.0,0.0,17.0,0.0,0.5,-2.5,0.0,0.0,2026
00-0037129,0.0,0.0,0.0,0.0,0.0,0.0,0.0,0.0,0.0,2026
00-0037130,0.0,0.0,0.0,0.0,0.0,0.0,0.0,0.0,0.0,2026
00-0037132,0.0,0.0,0.0,0.0,0.0,0.0,0.0,0.0,0.0,2026
00-0037137,0.0,0.0,0.0,0.0,0.0,0.0,0.0,0.0,0.0,2026
00-0037155,0.0,0.0,0.0,0.0,0.0,0.0,0.0,0.0,0.0,2026
00-0037157,0.0,0.0,0.0,24.0,0.0,0.0,0.0,0.0,0.0,2026
00-0037179,0.0,0.0,0.0,0.0,0.0,0.0,0.0,0.0,0.0,2026
00-0037190,0.0,0.0,0.0,0.0,0.0,0.0,0.0,0.0,0.0,2026
00-0037191,0.0,0.0,0.0,0.0,0.0,0.0,0.0,0.0,0.0,2026
00-0037192,0.0,0.0,0.0,0.0,0.0,0.0,0.0,0.0,0.0,2026
00-0037193,0.0,0.0,0.0,0.0,0.0,0.0,0.0,0.0,0.0,2026
00-0037195,0.0,0.0,0.0,0.0,0.0,0.0,0.0,0.0,0.0,2026
00-0037196,0.0,0.0,0.0,0.0,0.0,0.0,0.0,0.0,0.0,2026
00-0037208,0.0,0.0,0.0,0.0,0.0,0.0,0.0,0.0,0.0,2026
00-0037224,0.0,0.0,0.0,0.0,0.0,0.0,0.0,0.0,0.0,2026
00-0037228,0.0,0.0,0.0,77.25,0.0,3.25,35.75,0.0,0.25,2026
00-0037231,0.0,0.0,0.0,0.0,0.0,1.0,7.0,0.0,0.0,2026
00-0037235,0.0,0.0,0.0,0.0,0.0,0.0,0.0,0.0,0.0,2026
00-0037236,0.0,0.0,0.0,0.0,0.0,0.0,0.0,0.0,0.0,2026
00-0037237,0.0,0.0,0.0,0.0,0.0,0.0,0.0,0.0,0.0,2026
00-0037238,0.0,0.0,0.0,1.0,0.0,5.0,92.5,0.0,0.0,2026
00-0037239,0.0,0.0,0.0,0.0,0.0,8.75,122.75,0.25,0.0,2026
00-0037240,0.0,0.0,0.0,0.0,0.0,4.0,57.25,0.0,0.0,2026
00-0037241,0.0,0.0,0.0,0.0,0.0,0.0,0.0,0.0,0.0,2026
00-0037244,0.0,0.0,0.0,0.0,0.0,0.0,0.0,0.0,0.0,2026
00-0037246,0.0,0.0,0.0,0.0,0.0,0.0,0.0,0.0,0.0,2026
00-0037247,0.0,0.0,0.0,0.0,0.0,5.4,71.0,0.2,0.0,2026
00-0037248,0.0,0.0,0.0,105.25,0.75,1.5,6.0,0.0,0.25,2026
00-0037249,0.0,0.0,0.0,0.0,0.0,0.0,0.0,0.0,0.0,2026
00-0037250,0.0,0.0,0.0,0.0,0.0,0.0,0.0,0.0,0.0,2026
00-0037252,0.0,0.0,0.0,0.0,0.0,3.0,30.0,0.0,0.0,2026
00-0037253,0.0,0.0,0.0,0.0,0.0,0.0,0.0,0.0,0.0,2026
00-0037254,0.0,0.0,0.0,0.0,0.0,0.0,0.0,0.0,0.0,2026
00-0037255,0.0,0.0,0.0,0.0,0.0,0.0,0.0,0.0,0.0,2026
00-0037256,0.0,0.0,0.0,33.333333333333336,0.0,3.0,17.0,0.3333333333333333,0.0,2026
00-0037259,0.0,0.0,0.0,0.0,0.0,0.0,0.0,0.0,0.0,2026
00-0037261,0.0,0.0,0.0,0.0,0.0,3.75,44.0,0.0,0.25,2026
00-0037262,0.0,0.0,0.0,0.0,0.0,0.0,0.0,0.0,0.0,2026
00-0037263,0.0,0.0,0.0,28.0,0.25,2.5,8.75,0.0,0.0,2026
00-0037268,0.0,0.0,0.0,0.0,0.0,0.0,0.0,0.0,0.0,2026
00-0037270,0.0,0.0,0.0,0.0,0.0,0.0,0.0,0.0,0.0,2026
00-0037271,0.0,0.0,0.0,0.0,0.0,0.0,0.0,0.0,0.0,2026
00-0037275,0.0,0.0,0.0,0.0,0.0,0.0,0.0,0.0,0.0,2026
00-0037278,0.0,0.0,0.0,0.0,0.0,0.0,0.0,0.0,0.0,2026
00-0037283,0.0,0.0,0.0,0.0,0.0,0.0,0.0,0.0,0.0,2026
00-0037284,0.0,0.0,0.0,3.0,0.0,0.0,0.0,0.0,0.0,2026
00-0037287,0.0,0.0,0.0,0.0,0.0,0.0,0.0,0.0,0.0,2026
00-0037288,0.0,0.0,0.0,0.0,0.0,0.0,0.0,0.0,0.0,2026
00-0037289,0.0,0.0,0.0,0.0,0.0,0.0,0.0,0.0,0.0,2026
00-0037291,0.0,0.0,0.0,0.0,0.0,1.6666666666666667,17.333333333333332,0.0,0.0,2026
00-0037292,0.0,0.0,0.0,0.0,0.0,0.0,0.0,0.0,0.0,2026
00-0037294,0.0,0.0,0.0,0.0,0.0,0.0,0.0,0.0,0.0,2026
00-0037301,0.0,0.0,0.0,0.0,0.0,0.0,0.0,0.0,0.0,2026
00-0037304,0.0,0.0,0.0,-0.5,0.0,0.25,2.25,0.0,0.0,2026
00-0037310,0.0,0.0,0.0,0.0,0.0,0.0,0.0,0.0,0.0,2026
00-0037311,0.0,0.0,0.0,0.0,0.0,0.0,0.0,0.0,0.0,2026
00-0037312,0.0,0.0,0.0,0.0,0.0,0.0,0.0,0.0,0.0,2026
00-0037313,0.0,0.0,0.0,0.0,0.0,0.0,0.0,0.0,0.0,2026
00-0037317,0.0,0.0,0.0,0.0,0.0,0.0,0.0,0.0,0.0,2026
00-0037320,0.0,0.0,0.0,0.0,0.0,0.0,0.0,0.0,0.0,2026
00-0037323,0.0,0.0,0.0,0.0,0.0,0.0,0.0,0.0,0.0,2026
00-0037336,0.0,0.0,0.0,0.0,0.0,0.0,0.0,0.0,0.0,2026
00-0037380,0.0,0.0,0.0,0.0,0.0,0.0,0.0,0.0,0.0,2026
00-0037384,0.0,0.0,0.0,0.0,0.0,0.0,0.0,0.0,0.0,2026
00-0037412,0.0,0.0,0.0,0.0,0.0,0.0,0.0,0.0,0.0,2026
00-0037428,0.0,0.0,0.0,0.0,0.0,0.0,0.0,0.0,0.0,2026
00-0037457,0.0,0.0,0.0,0.0,0.0,0.0,0.0,0.0,0.0,2026
00-0037480,0.0,0.0,0.0,0.0,0.0,0.0,0.0,0.0,0.0,2026
00-0037493,0.0,0.0,0.0,0.0,0.0,0.0,0.0,0.0,0.0,2026
00-0037500,0.0,0.0,0.0,0.0,0.0,0.0,0.0,0.0,0.0,2026
00-0037512,0.0,0.0,0.0,0.0,0.0,0.0,0.0,0.0,0.0,2026
00-0037524,0.0,0.0,0.0,0.0,0.0,0.0,0.0,0.0,0.0,2026
00-0037525,0.0,0.0,0.0,59.0,1.0,0.0,0.0,0.0,0.0,2026
00-0037526,0.0,0.0,0.0,0.0,0.0,0.0,0.0,0.0,0.0,2026
00-0037527,0.0,0.0,0.0,0.0,0.0,0.0,0.0,0.0,0.0,2026
00-0037545,0.0,0.0,0.0,9.25,0.25,1.75,18.25,0.0,0.0,2026
00-0037547,0.0,0.0,0.0,0.0,0.0,0.0,0.0,0.0,0.0,2026
00-0037557,0.0,0.0,0.0,19.0,0.0,1.0,5.0,0.0,0.0,2026
00-0037561,0.0,0.0,0.0,0.0,0.0,0.0,0.0,0.0,0.0,2026
00-0037578,0.0,0.0,0.0,0.0,0.0,0.0,0.0,0.0,0.0,2026
00-0037587,0.0,0.0,0.0,0.0,0.0,0.0,0.0,0.0,0.0,2026
00-0037594,0.0,0.0,0.0,0.0,0.0,0.0,0.0,0.0,0.0,2026
00-0037596,0.0,0.0,0.0,0.0,0.0,0.0,0.0,0.0,0.0,2026
00-0037611,0.0,0.0,0.0,0.0,0.0,0.0,0.0,0.0,0.0,2026
00-0037614,0.0,0.0,0.0,0.0,0.0,1.6666666666666667,18.666666666666668,0.3333333333333333,0.0,2026
00-0037615,0.0,0.0,0.0,0.0,0.0,0.0,0.0,0.0,0.0,2026
00-0037616,0.0,0.0,0.0,0.0,0.0,0.0,0.0,0.0,0.0,2026
00-0037663,0.0,0.0,0.0,0.0,0.0,0.0,0.0,0.0,0.0,2026
00-0037664,0.0,0.0,0.0,0.0,0.0,2.5,36.0,0.0,0.0,2026
00-0037665,0.0,0.0,0.0,0.0,0.0,0.0,0.0,0.0,0.0,2026
00-0037666,0.0,0.0,0.0,0.0,0.0,0.0,0.0,0.0,0.0,2026
00-0037686,0.0,0.0,0.0,0.0,0.0,0.0,0.0,0.0,0.0,2026
00-0037692,0.0,0.0,0.0,0.0,0.0,0.0,0.0,0.0,0.0,2026
00-0037711,0.0,0.0,0.0,0.0,0.0,0.0,0.0,0.0,0.0,2026
00-0037740,0.0,0.0,0.0,0.0,0.0,6.0,67.5,0.5,0.0,2026
00-0037741,0.0,0.0,0.0,0.0,0.0,1.5,23.75,0.25,0.0,2026
00-0037742,0.0,0.0,0.0,0.0,0.0,1.0,20.0,0.6666666666666666,0.0,2026
00-0037743,0.0,0.0,0.0,0.0,0.0,0.0,0.0,0.0,0.0,2026
00-0037744,0.0,0.0,0.0,0.0,0.0,8.25,60.5,0.5,0.0,2026
00-0037746,0.0,0.0,0.0,48.5,1.0,0.75,5.25,0.0,0.0,2026
00-0037752,0.0,0.0,0.0,0.0,0.0,0.0,0.0,0.0,0.0,2026
00-0037753,0.0,0.0,0.0,0.0,0.0,0.0,0.0,0.0,0.0,2026
00-0037755,0.0,0.0,0.0,0.0,0.0,1.0,15.5,0.0,0.0,2026
00-0037756,0.0,0.0,0.0,0.0,0.0,0.0,0.0,0.0,0.0,2026
00-0037758,0.0,0.0,0.0,0.0,0.0,0.0,0.0,0.0,0.0,2026
00-0037799,0.0,0.0,0.0,0.0,0.0,0.0,0.0,0.0,0.0,2026
00-0037801,0.0,0.0,0.0,2.0,0.2,0.8,7.8,0.0,0.0,2026
00-0037805,0.0,0.0,0.0,0.0,0.0,2.6666666666666665,16.0,0.3333333333333333,0.0,2026
00-0037809,0.0,0.0,0.0,0.0,0.0,2.0,10.5,0.0,0.0,2026
00-0037812,0.0,0.0,0.0,0.0,0.0,0.0,0.0,0.0,0.0,2026
00-0037814,0.0,0.0,0.0,0.0,0.0,0.0,0.0,0.0,0.0,2026
00-0037815,0.0,0.0,0.0,0.0,0.0,0.0,0.0,0.0,0.0,2026
00-0037816,0.0,0.0,0.0,0.0,0.0,3.0,50.75,0.5,0.0,2026
00-0037817,0.0,0.0,0.0,0.0,0.0,0.0,0.0,0.0,0.0,2026
00-0037818,0.0,0.0,0.0,0.0,0.0,0.0,0.0,0.0,0.0,2026
00-0037819,0.0,0.0,0.0,0.0,0.0,0.0,0.0,0.0,0.0,2026
00-0037823,0.0,0.0,0.0,0.0,0.0,0.0,0.0,0.0,0.0,2026
00-0037825,0.0,0.0,0.0,0.0,0.0,0.0,0.0,0.0,0.0,2026
00-0037829,0.0,0.0,0.0,0.0,0.0,0.0,0.0,0.0,0.0,2026
00-0037834,251.75,2.75,0.25,30.5,0.25,0.0,0.0,0.0,0.0,2026
00-0037835,0.0,0.0,0.0,0.0,0.0,0.0,0.0,0.0,0.0,2026
00-0037838,0.0,0.0,0.0,0.0,0.0,5.5,47.5,0.5,0.0,2026
00-0037839,0.0,0.0,0.0,0.0,0.0,0.0,0.0,0.0,0.0,2026
00-0037840,0.0,0.0,0.0,73.5,0.75,5.25,43.25,0.25,0.25,2026
00-0037841,0.0,0.0,0.0,0.0,0.0,0.0,0.0,0.0,0.0,2026
00-0037843,0.0,0.0,0.0,0.0,0.0,0.0,0.0,0.0,0.0,2026
00-0037844,0.0,0.0,0.0,0.0,0.0,0.0,0.0,0.0,0.0,2026
00-0038038,0.0,0.0,0.0,0.0,0.0,0.0,0.0,0.0,0.0,2026
00-0038039,0.0,0.0,0.0,0.0,0.0,0.0,0.0,0.0,0.0,2026
00-0038041,0.0,0.0,0.0,0.0,0.0,3.0,20.4,0.6,0.2,2026
00-0038046,0.0,0.0,0.0,0.0,0.0,1.5,10.5,0.0,0.0,2026
00-0038090,0.0,0.0,0.0,0.0,0.0,1.5,8.75,0.0,0.0,2026
00-0038094,0.0,0.0,0.0,0.0,0.0,0.0,0.0,0.0,0.0,2026
00-0038100,0.0,0.0,0.0,0.0,0.0,0.0,0.0,0.0,0.0,2026
00-0038101,0.0,0.0,0.0,0.0,0.0,0.0,0.0,0.0,0.0,2026
00-0038102,0.0,0.0,0.0,10.0,0.0,0.0,0.0,0.0,0.0,2026
00-0038103,0.0,0.0,0.0,0.0,0.0,0.0,0.0,0.0,0.0,2026
00-0038104,0.0,0.0,0.0,0.0,0.0,2.75,54.75,0.5,0.0,2026
00-0038106,0.0,0.0,0.0,0.0,0.0,0.0,0.0,0.0,0.0,2026
00-0038112,0.0,0.0,0.0,0.0,0.0,0.0,0.0,0.0,0.0,2026
00-0038115,0.0,0.0,0.0,0.0,0.0,1.0,6.25,0.0,0.0,2026
00-0038116,0.0,0.0,0.0,0.0,0.0,0.0,0.0,0.0,0.0,2026
00-0038117,0.0,0.0,0.0,0.25,0.0,4.0,30.75,0.5,0.0,2026
00-0038120,0.0,0.0,0.0,54.333333333333336,0.3333333333333333,3.3333333333333335,34.0,0.0,0.0,2026
00-0038121,0.0,0.0,0.0,0.0,0.0,0.0,0.0,0.0,0.0,2026
00-0038123,0.0,0.0,0.0,0.0,0.0,0.0,0.0,0.0,0.0,2026
00-0038124,0.0,0.0,0.0,0.0,0.0,5.0,82.75,1.0,0.0,2026
00-0038125,0.0,0.0,0.0,0.0,0.0,0.0,0.0,0.0,0.0,2026
00-0038127,0.0,0.0,0.0,0.0,0.0,0.0,0.0,0.0,0.0,2026
00-0038128,178.0,0.25,0.5,28.0,0.25,0.0,0.0,0.0,0.5,2026
00-0038129,0.0,0.0,0.0,0.0,0.0,3.6,36.4,0.0,0.0,2026
00-0038131,0.0,0.0,0.0,0.0,0.0,0.0,0.0,0.0,0.0,2026
00-0038133,0.0,0.0,0.0,0.0,0.0,0.0,0.0,0.0,0.0,2026
00-0038134,0.0,0.0,0.0,134.25,1.0,3.0,21.0,0.5,0.0,2026
00-0038135,0.0,0.0,0.0,0.0,0.0,0.0,0.0,0.0,0.0,2026
00-0038359,0.0,0.0,0.0,0.0,0.0,0.0,0.0,0.0,0.0,2026
00-0038360,0.0,0.0,0.0,0.0,0.0,0.0,0.0,0.0,0.0,2026
00-0038366,0.0,0.0,0.0,0.0,0.0,0.0,0.0,0.0,0.0,2026
00-0038386,0.0,0.0,0.0,0.0,0.0,0.0,0.0,0.0,0.0,2026
00-0038387,0.0,0.0,0.0,0.0,0.0,0.0,0.0,0.0,0.0,2026
00-0038393,0.0,0.0,0.0,0.0,0.0,3.0,49.25,0.25,0.0,2026
00-0038398,0.0,0.0,0.0,0.0,0.0,0.0,0.0,0.0,0.0,2026
00-0038399,0.0,0.0,0.0,0.0,0.0,0.0,0.0,0.0,0.0,2026
00-0038408,0.0,0.0,0.0,0.0,0.0,0.0,0.0,0.0,0.0,2026
00-0038409,0.0,0.0,0.0,0.0,0.0,0.0,0.0,0.0,0.0,2026
00-0038412,0.0,0.0,0.0,0.0,0.0,0.0,0.0,0.0,0.0,2026
00-0038414,0.0,0.0,0.0,0.0,0.0,0.0,0.0,0.0,0.0,2026
00-0038416,161.0,0.0,0.5,0.5,0.0,0.0,0.0,0.0,0.0,2026
00-0038428,0.0,0.0,0.0,0.0,0.0,0.0,0.0,0.0,0.0,2026
00-0038429,0.0,0.0,0.0,0.0,0.0,0.0,0.0,0.0,0.0,2026
00-0038454,0.0,0.0,0.0,31.0,0.0,2.25,8.5,0.25,0.0,2026
00-0038463,0.0,0.0,0.0,0.0,0.0,0.0,0.0,0.0,0.0,2026
00-0038476,30.0,0.0,0.0,2.0,0.0,0.0,0.0,0.0,0.0,2026
00-0038488,0.0,0.0,0.0,0.0,0.0,1.0,13.333333333333334,0.0,0.0,2026
00-0038489,0.0,0.0,0.0,0.0,0.0,0.0,0.0,0.0,0.0,2026
00-0038493,0.0,0.0,0.0,0.0,0.0,0.0,0.0,0.0,0.0,2026
00-0038498,0.0,0.0,0.0,0.0,0.0,0.0,0.0,0.0,0.0,2026
00-0038504,0.0,0.0,0.0,0.0,0.0,0.0,0.0,0.0,0.0,2026
00-0038505,0.0,0.0,0.0,0.0,0.0,0.0,0.0,0.0,0.0,2026
00-0038514,0.0,0.0,0.0,0.0,0.0,0.0,0.0,0.0,0.0,2026
00-0038519,0.0,0.0,0.0,0.0,0.0,0.0,0.0,0.0,0.0,2026
00-0038521,0.0,0.0,0.0,0.0,0.0,0.0,0.0,0.0,0.0,2026
00-0038540,0.0,0.0,0.0,0.0,0.0,0.0,0.0,0.0,0.0,2026
00-0038541,0.0,0.0,0.0,0.0,0.0,0.0,0.0,0.0,0.0,2026
00-0038542,0.0,0.0,0.0,123.5,1.0,3.5,30.0,0.25,0.0,2026
00-0038543,3.5,0.0,0.0,0.0,0.0,8.0,120.25,1.5,0.0,2026
00-0038544,0.0,0.0,0.0,0.75,0.0,1.75,27.0,0.0,0.0,2026
00-0038546,0.0,0.0,0.0,0.0,0.0,0.0,0.0,0.0,0.0,2026
00-0038547,0.0,0.0,0.0,0.0,0.0,1.0,10.0,0.0,0.0,2026
00-0038548,0.0,0.0,0.0,0.0,0.0,0.0,0.0,0.0,0.0,2026
00-0038549,0.0,0.0,0.0,0.0,0.0,0.0,0.0,0.0,0.0,2026
00-0038551,0.0,0.0,0.0,17.666666666666668,0.3333333333333333,1.3333333333333333,5.0,0.0,0.3333333333333333,2026
00-0038552,0.0,0.0,0.0,0.0,0.0,0.0,0.0,0.0,0.0,2026
00-0038553,0.0,0.0,0.0,0.0,0.0,0.0,0.0,0.0,0.0,2026
00-0038554,0.0,0.0,0.0,0.0,0.0,0.0,0.0,0.0,0.0,2026
00-0038555,0.0,0.0,0.0,22.75,0.25,0.75,2.5,0.0,0.25,2026
00-0038556,0.0,0.0,0.0,0.0,0.0,0.0,0.0,0.0,0.0,2026
00-0038557,0.0,0.0,0.0,0.0,0.0,0.0,0.0,0.0,0.0,2026
00-0038558,0.0,0.0,0.0,0.0,0.0,2.25,29.75,0.25,0.0,2026
00-0038559,0.0,0.0,0.0,0.0,0.0,6.25,64.5,0.25,0.0,2026
00-0038560,0.0,0.0,0.0,0.0,0.0,0.0,0.0,0.0,0.0,2026
00-0038563,0.0,0.0,0.0,0.0,0.0,3.75,58.25,0.25,0.0,2026
00-0038564,0.0,0.0,0.0,0.0,0.0,0.0,0.0,0.0,0.0,2026
00-0038565,0.0,0.0,0.0,0.0,0.0,0.0,0.0,0.0,0.0,2026
00-0038567,0.0,0.0,0.0,0.0,0.0,0.0,0.0,0.0,0.0,2026
00-0038570,0.0,0.0,0.0,0.0,0.0,0.0,0.0,0.0,0.0,2026
00-0038573,0.0,0.0,0.0,0.0,0.0,0.25,1.5,0.0,0.0,2026
00-0038574,0.0,0.0,0.0,0.0,0.0,0.0,0.0,0.0,0.0,2026
00-0038576,0.0,0.0,0.0,0.0,0.0,0.0,0.0,0.0,0.0,2026
00-0038577,0.0,0.0,0.0,0.0,0.0,0.0,0.0,0.0,0.0,2026
00-0038578,0.0,0.0,0.0,0.0,0.0,0.0,0.0,0.0,0.0,2026
00-0038580,0.0,0.0,0.0,0.0,0.0,0.0,0.0,0.0,0.0,2026
00-0038587,0.0,0.0,0.0,0.0,0.0,0.0,0.0,0.0,0.0,2026
00-0038588,0.0,0.0,0.0,0.0,0.0,0.0,0.0,0.0,0.0,2026
00-0038591,0.0,0.0,0.0,0.0,0.0,0.0,0.0,0.0,0.0,2026
00-0038596,0.0,0.0,0.0,0.0,0.0,0.0,0.0,0.0,0.0,2026
00-0038597,0.0,0.0,0.0,51.75,0.25,5.25,25.75,0.0,0.0,2026
00-0038599,0.0,0.0,0.0,0.0,0.0,0.0,0.0,0.0,0.0,2026
00-0038601,0.0,0.0,0.0,0.0,0.0,0.0,0.0,0.0,0.0,2026
00-0038603,0.0,0.0,0.0,0.0,0.0,0.0,0.0,0.0,0.0,2026
00-0038605,0.0,0.0,0.0,0.0,0.0,0.0,0.0,0.0,0.0,2026
00-0038606,0.0,0.0,0.0,0.75,0.0,4.0,57.0,0.5,0.0,2026
00-0038608,0.0,0.0,0.0,0.0,0.0,2.25,28.75,0.0,0.0,2026
00-0038609,0.0,0.0,0.0,0.0,0.0,0.0,0.0,0.0,0.0,2026
00-0038611,0.0,0.0,0.0,27.0,0.5,0.0,0.0,0.0,0.0,2026
00-0038618,0.0,0.0,0.0,1.0,0.0,3.0,41.5,0.0,0.0,2026
00-0038619,0.0,0.0,0.0,0.0,0.0,1.5,9.5,0.0,0.0,2026
00-0038620,0.0,0.0,0.0,0.0,0.0,0.0,0.0,0.0,0.0,2026
00-0038621,0.0,0.0,0.0,0.0,0.0,2.25,20.5,0.0,0.0,2026
00-0038623,0.0,0.0,0.0,0.0,0.0,0.0,0.0,0.0,0.0,2026
00-0038624,0.0,0.0,0.0,0.0,0.0,0.0,0.0,0.0,0.0,2026
00-0038625,0.0,0.0,0.0,0.0,0.0,0.0,0.0,0.0,0.0,2026
00-0038628,0.0,0.0,0.0,0.0,0.0,0.0,0.0,0.0,0.0,2026
00-0038629,0.0,0.0,0.0,0.0,0.0,0.0,0.0,0.0,0.0,2026
00-0038640,0.0,0.0,0.0,0.0,0.0,0.0,0.0,0.0,0.0,2026
00-0038642,0.0,0.0,0.0,0.0,0.0,0.0,0.0,0.0,0.0,2026
00-0038643,0.0,0.0,0.0,0.0,0.0,0.0,0.0,0.0,0.0,2026
00-0038645,0.0,0.0,0.0,0.0,0.0,0.0,0.0,0.0,0.0,2026
00-0038653,0.0,0.0,0.0,0.0,0.0,0.0,0.0,0.0,0.0,2026
00-0038660,0.0,0.0,0.0,0.0,0.0,0.0,0.0,0.0,0.0,2026
00-0038685,0.0,0.0,0.0,17.5,0.0,0.75,6.0,0.0,0.0,2026
00-0038705,0.0,0.0,0.0,7.5,0.0,0.0,0.0,0.0,0.0,2026
00-0038710,0.0,0.0,0.0,0.0,0.0,0.6666666666666666,10.333333333333334,0.3333333333333333,0.0,2026
00-0038711,0.0,0.0,0.0,0.0,0.0,0.0,0.0,0.0,0.0,2026
00-0038715,0.0,0.0,0.0,0.0,0.0,0.0,0.0,0.0,0.0,2026
00-0038728,0.0,0.0,0.0,0.0,0.0,1.3333333333333333,21.666666666666668,0.0,0.0,2026
00-0038731,0.0,0.0,0.0,0.0,0.0,0.0,0.0,0.0,0.0,2026
00-0038738,0.0,0.0,0.0,3.25,0.0,0.25,0.5,0.0,0.0,2026
00-0038740,0.0,0.0,0.0,0.0,0.0,0.0,0.0,0.0,0.0,2026
00-0038742,0.0,0.0,0.0,0.0,0.0,0.0,0.0,0.0,0.0,2026
00-0038764,0.0,0.0,0.0,0.0,0.0,0.0,0.0,0.0,0.0,2026
00-0038778,0.0,0.0,0.0,0.0,0.0,0.0,0.0,0.0,0.0,2026
00-0038782,0.0,0.0,0.0,0.0,0.0,0.0,0.0,0.0,0.0,2026
00-0038783,0.0,0.0,0.0,2.0,0.0,1.3333333333333333,13.333333333333334,0.6666666666666666,0.0,2026
00-0038791,0.0,0.0,0.0,0.0,0.0,0.0,0.0,0.0,0.0,2026
00-0038794,0.0,0.0,0.0,15.5,0.5,0.0,0.0,0.0,0.0,2026
00-0038797,0.0,0.0,0.0,47.5,0.25,0.75,9.75,0.25,0.0,2026
00-0038807,0.0,0.0,0.0,0.0,0.0,0.0,0.0,0.0,0.0,2026
00-0038820,0.0,0.0,0.0,0.0,0.0,0.0,0.0,0.0,0.0,2026
00-0038824,0.0,0.0,0.0,0.0,0.0,1.0,30.666666666666668,0.3333333333333333,0.0,2026
00-0038839,0.0,0.0,0.0,0.0,0.0,3.0,49.0,0.0,0.0,2026
00-0038840,0.0,0.0,0.0,0.0,0.0,1.5,28.75,0.0,0.0,2026
00-0038866,0.0,0.0,0.0,0.0,0.0,0.0,0.0,0.0,0.0,2026
00-0038896,0.0,0.0,0.0,0.0,0.0,0.0,0.0,0.0,0.0,2026
00-0038922,0.0,0.0,0.0,0.0,0.0,0.0,0.0,0.0,0.0,2026
00-0038933,0.0,0.0,0.0,0.0,0.0,3.75,67.5,0.25,0.25,2026
00-0038934,0.0,0.0,0.0,0.0,0.0,0.0,0.0,0.0,0.0,2026
00-0038935,0.0,0.0,0.0,0.0,0.0,3.5,41.75,0.25,0.0,2026
00-0038936,0.0,0.0,0.0,0.0,0.0,0.0,0.0,0.0,0.0,2026
00-0038940,0.0,0.0,0.0,0.0,0.0,0.0,0.0,0.0,0.0,2026
00-0038951,0.0,0.0,0.0,14.0,0.5,0.0,0.0,0.0,0.0,2026
00-0038976,0.0,0.0,0.0,0.0,0.0,0.5,5.0,0.0,0.0,2026
00-0038978,0.0,0.0,0.0,0.0,0.0,0.0,0.0,0.0,0.0,2026
00-0038980,0.0,0.0,0.0,0.0,0.0,0.0,0.0,0.0,0.0,2026
00-0038982,0.0,0.0,0.0,0.0,0.0,0.0,0.0,0.0,0.0,2026
00-0038984,0.0,0.0,0.0,0.0,0.0,0.0,0.0,0.0,0.0,2026
00-0038986,0.0,0.0,0.0,0.0,0.0,0.0,0.0,0.0,0.0,2026
00-0038994,0.0,0.0,0.0,-0.25,0.0,2.75,40.75,0.25,0.0,2026
00-0038996,0.0,0.0,0.0,0.75,0.0,3.75,37.0,0.25,0.0,2026
00-0038997,0.0,0.0,0.0,0.0,0.0,4.25,50.5,0.0,0.0,2026
00-0039000,0.0,0.0,0.0,0.0,0.0,0.0,0.0,0.0,0.0,2026
00-0039001,0.0,0.0,0.0,0.0,0.0,0.0,0.0,0.0,0.0,2026
00-0039002,0.0,0.0,0.0,0.0,0.0,0.0,0.0,0.0,0.0,2026
00-0039006,0.0,0.0,0.0,0.0,0.0,0.0,0.0,0.0,0.0,2026
00-0039007,0.0,0.0,0.0,0.0,0.0,0.0,0.0,0.0,0.0,2026
00-0039013,0.0,0.0,0.0,0.0,0.0,0.0,0.0,0.0,0.0,2026
00-0039018,0.0,0.0,0.0,0.0,0.0,0.0,0.0,0.0,0.0,2026
00-0039019,0.0,0.0,0.0,0.0,0.0,0.0,0.0,0.0,0.0,2026
00-0039020,0.0,0.0,0.0,0.0,0.0,0.0,0.0,0.0,0.0,2026
00-0039021,0.0,0.0,0.0,8.0,0.0,0.5,3.5,0.0,0.0,2026
00-0039031,0.0,0.0,0.0,0.0,0.0,0.0,0.0,0.0,0.0,2026
00-0039032,0.0,0.0,0.0,16.25,0.0,1.25,10.0,0.0,0.0,2026
00-0039040,0.0,0.0,0.0,42.333333333333336,0.0,2.3333333333333335,16.333333333333332,0.0,0.0,2026
00-0039041,0.0,0.0,0.0,0.0,0.0,1.6666666666666667,13.0,0.3333333333333333,0.0,2026
00-0039047,0.0,0.0,0.0,0.0,0.0,0.0,0.0,0.0,0.0,2026
00-0039048,0.0,0.0,0.0,0.0,0.0,0.0,0.0,0.0,0.0,2026
00-0039049,0.0,0.0,0.0,0.0,0.0,0.0,0.0,0.0,0.0,2026
00-0039050,0.0,0.0,0.0,0.0,0.0,0.5,2.5,0.0,0.0,2026
00-0039053,0.0,0.0,0.0,0.0,0.0,0.0,0.0,0.0,0.0,2026
00-0039058,0.0,0.0,0.0,0.0,0.0,0.0,0.0,0.0,0.0,2026
00-0039059,0.0,0.0,0.0,0.0,0.0,0.0,0.0,0.0,0.0,2026
00-0039061,0.0,0.0,0.0,0.0,0.0,0.0,0.0,0.0,0.0,2026
00-0039062,0.0,0.0,0.0,0.0,0.0,1.0,10.0,0.0,0.0,2026
00-0039063,0.0,0.0,0.0,0.0,0.0,0.0,0.0,0.0,0.0,2026
00-0039064,0.0,0.0,0.0,6.666666666666667,0.0,6.0,117.33333333333333,0.6666666666666666,0.0,2026
00-0039065,0.0,0.0,0.0,0.0,0.0,5.5,57.0,0.5,0.0,2026
00-0039066,0.0,0.0,0.0,0.0,0.0,5.0,42.25,0.25,0.0,2026
00-0039067,0.0,0.0,0.0,0.0,0.0,4.333333333333333,63.333333333333336,0.3333333333333333,0.0,2026
00-0039068,0.0,0.0,0.0,0.0,0.0,0.0,0.0,0.0,0.0,2026
00-0039070,0.0,0.0,0.0,0.0,0.0,0.0,0.0,0.0,0.0,2026
00-0039071,0.0,0.0,0.0,0.0,0.0,0.0,0.0,0.0,0.0,2026
00-0039074,0.0,0.0,0.0,0.0,0.0,1.0,9.75,0.0,0.0,2026
00-0039075,0.0,0.0,0.0,1.0,0.5,7.0,99.5,0.0,0.0,2026
00-0039077,0.0,0.0,0.0,0.0,0.0,0.0,0.0,0.0,0.0,2026
00-0039107,13.0,0.0,0.0,9.0,0.0,0.0,0.0,0.0,0.0,2026
00-0039108,0.0,0.0,0.0,0.0,0.0,0.0,0.0,0.0,0.0,2026
00-0039110,0.0,0.0,0.0,0.0,0.0,0.0,0.0,0.0,0.0,2026
00-0039111,0.0,0.0,0.0,0.0,0.0,0.0,0.0,0.0,0.0,2026
00-0039112,0.0,0.0,0.0,0.0,0.0,0.0,0.0,0.0,0.0,2026
00-0039137,0.0,0.0,0.0,0.0,0.0,0.0,0.0,0.0,0.0,2026
00-0039138,0.0,0.0,0.0,0.0,0.0,0.0,0.0,0.0,0.0,2026
00-0039139,0.0,0.0,0.0,88.25,1.25,5.5,46.75,0.5,0.25,2026
00-0039140,0.0,0.0,0.0,0.0,0.0,0.0,0.0,0.0,0.0,2026
00-0039142,0.0,0.0,0.0,0.0,0.0,0.0,0.0,0.0,0.0,2026
00-0039145,0.0,0.0,0.0,0.0,0.0,0.0,0.0,0.0,0.0,2026
00-0039146,0.0,0.0,0.0,0.0,0.0,2.0,12.0,0.0,0.0,2026
00-0039147,0.0,0.0,0.0,0.0,0.0,0.0,0.0,0.0,0.0,2026
00-0039148,0.0,0.0,0.0,0.0,0.0,0.0,0.0,0.0,0.0,2026
00-0039149,0.0,0.0,0.0,0.0,0.0,0.0,0.0,0.0,0.0,2026
00-0039150,317.0,2.25,0.5,4.75,0.25,0.0,0.0,0.0,0.0,2026
00-0039151,0.0,0.0,0.0,0.0,0.0,0.0,0.0,0.0,0.0,2026
00-0039156,0.0,0.0,0.0,0.0,0.0,0.0,0.0,0.0,0.0,2026
00-0039157,0.0,0.0,0.0,0.0,0.0,0.0,0.0,0.0,0.0,2026
00-0039163,285.25,1.25,0.0,16.5,0.0,0.0,0.0,0.0,0.5,2026
00-0039169,0.0,0.0,0.0,0.0,0.0,0.0,0.0,0.0,0.0,2026
00-0039172,0.0,0.0,0.0,0.0,0.0,0.0,0.0,0.0,0.0,2026
00-0039176,0.0,0.0,0.0,0.0,0.0,0.0,0.0,0.0,0.0,2026
00-0039178,0.0,0.0,0.0,0.0,0.0,0.0,0.0,0.0,0.0,2026
00-0039232,0.0,0.0,0.0,0.0,0.0,0.0,0.0,0.0,0.0,2026
00-0039233,0.0,0.0,0.0,0.0,0.0,0.0,0.0,0.0,0.0,2026
00-0039234,0.0,0.0,0.0,0.0,0.0,0.0,0.0,0.0,0.0,2026
00-0039239,0.0,0.0,0.0,0.0,0.0,0.0,0.0,0.0,0.0,2026
00-0039272,0.0,0.0,0.0,0.0,0.0,0.0,0.0,0.0,0.0,2026
00-0039284,0.0,0.0,0.0,0.0,0.0,0.0,0.0,0.0,0.0,2026
00-0039299,0.0,0.0,0.0,17.5,0.0,1.75,13.0,0.0,0.0,2026
00-0039309,0.0,0.0,0.0,0.0,0.0,0.0,0.0,0.0,0.0,2026
00-0039313,0.0,0.0,0.0,0.0,0.0,0.0,0.0,0.0,0.0,2026
00-0039323,0.0,0.0,0.0,0.0,0.0,0.0,0.0,0.0,0.0,2026
00-0039324,0.0,0.0,0.0,0.0,0.0,0.0,0.0,0.0,0.0,2026
00-0039337,0.0,0.0,0.0,0.0,0.0,4.5,52.0,0.25,0.0,2026
00-0039338,0.0,0.0,0.0,0.0,0.0,8.0,101.0,1.0,0.0,2026
00-0039339,0.0,0.0,0.0,0.0,0.0,0.0,0.0,0.0,0.0,2026
00-0039340,0.0,0.0,0.0,0.0,0.0,0.0,0.0,0.0,0.0,2026
00-0039341,0.0,0.0,0.0,0.0,0.0,0.0,0.0,0.0,0.0,2026
00-0039342,0.0,0.0,0.0,0.0,0.0,1.0,32.0,0.0,0.0,2026
00-0039343,0.0,0.0,0.0,0.0,0.0,0.0,0.0,0.0,0.0,2026
00-0039344,0.0,0.0,0.0,15.0,0.0,1.0,21.5,0.0,0.0,2026
00-0039345,0.0,0.0,0.0,0.0,0.0,0.0,0.0,0.0,0.0,2026
00-0039347,0.0,0.0,0.0,0.0,0.0,0.0,0.0,0.0,0.0,2026
00-0039348,0.0,0.0,0.0,0.0,0.0,0.0,0.0,0.0,0.0,2026
00-0039349,0.0,0.0,0.0,0.0,0.0,0.0,0.0,0.0,0.0,2026
00-0039353,0.0,0.0,0.0,0.0,0.0,0.0,0.0,0.0,0.0,2026
00-0039355,0.0,0.0,0.0,0.0,0.0,0.0,0.0,0.0,0.0,2026
00-0039357,0.0,0.0,0.0,0.0,0.0,0.0,0.0,0.0,0.0,2026
00-0039359,0.0,0.0,0.0,0.0,0.0,1.0,9.0,0.0,0.0,2026
00-0039360,0.0,0.0,0.0,0.0,0.0,0.0,0.0,0.0,0.0,2026
00-0039361,0.0,0.0,0.0,81.2,0.4,3.0,14.2,0.2,0.2,2026
00-0039364,0.0,0.0,0.0,10.0,0.0,1.0,13.0,0.0,0.0,2026
00-0039365,0.0,0.0,0.0,0.5,0.0,0.0,0.0,0.0,0.0,2026
00-0039366,0.0,0.0,0.0,0.0,0.0,0.0,0.0,0.0,0.0,2026
00-0039368,0.0,0.0,0.0,0.0,0.0,0.0,0.0,0.0,0.0,2026
00-0039369,0.0,0.0,0.0,0.0,0.0,0.0,0.0,0.0,0.0,2026
00-0039371,0.0,0.0,0.0,0.0,0.0,0.0,0.0,0.0,0.0,2026
00-0039372,0.0,0.0,0.0,0.0,0.0,0.0,0.0,0.0,0.0,2026
00-0039374,0.0,0.0,0.0,0.0,0.0,0.0,0.0,0.0,0.0,2026
00-0039377,0.0,0.0,0.0,0.0,0.0,0.0,0.0,0.0,0.0,2026
00-0039380,0.0,0.0,0.0,0.0,0.0,0.0,0.0,0.0,0.0,2026
00-0039383,0.0,0.0,0.0,0.0,0.0,0.0,0.0,0.0,0.0,2026
00-0039384,0.0,0.0,0.0,4.0,0.0,0.0,0.0,0.0,0.25,2026
00-0039387,0.0,0.0,0.0,0.0,0.0,0.0,0.0,0.0,0.0,2026
00-0039391,0.0,0.0,0.0,10.333333333333334,0.0,1.0,8.333333333333334,0.3333333333333333,0.0,2026
00-0039395,0.0,0.0,0.0,0.0,0.0,0.0,0.0,0.0,0.0,2026
00-0039401,0.0,0.0,0.0,0.0,0.0,0.0,0.0,0.0,0.0,2026
00-0039402,0.0,0.0,0.0,0.0,0.0,0.0,0.0,0.0,0.0,2026
00-0039404,0.0,0.0,0.0,0.0,0.0,0.0,0.0,0.0,0.0,2026
00-0039406,0.0,0.0,0.0,0.0,0.0,0.0,0.0,0.0,0.0,2026
00-0039407,0.0,0.0,0.0,0.0,0.0,0.0,0.0,0.0,0.0,2026
00-0039409,0.0,0.0,0.0,0.0,0.0,0.0,0.0,0.0,0.0,2026
00-0039410,0.0,0.0,0.0,0.0,0.0,3.2,38.8,0.0,0.0,2026
00-0039412,0.0,0.0,0.0,0.0,0.0,0.0,0.0,0.0,0.0,2026
00-0039417,0.0,0.0,0.0,0.0,0.0,0.0,0.0,0.0,0.0,2026
00-0039421,0.0,0.0,0.0,0.0,0.0,0.0,0.0,0.0,0.0,2026
00-0039423,0.0,0.0,0.0,0.0,0.0,0.0,0.0,0.0,0.0,2026
00-0039424,0.0,0.0,0.0,0.0,0.0,5.25,56.5,0.5,0.0,2026
00-0039430,0.0,0.0,0.0,0.0,0.0,0.0,0.0,0.0,0.0,2026
00-0039431,0.0,0.0,0.0,0.0,0.0,0.0,0.0,0.0,0.0,2026
00-0039433,0.0,0.0,0.0,0.0,0.0,0.0,0.0,0.0,0.0,2026
00-0039451,0.0,0.0,0.0,3.5,0.0,2.5,33.75,0.25,0.0,2026
00-0039459,0.0,0.0,0.0,0.0,0.0,0.0,0.0,0.0,0.0,2026
00-0039460,0.0,0.0,0.0,0.0,0.0,0.0,0.0,0.0,0.0,2026
00-0039465,0.0,0.0,0.0,0.0,0.0,0.0,0.0,0.0,0.0,2026
00-0039469,0.0,0.0,0.0,0.0,0.0,0.0,0.0,0.0,0.0,2026
00-0039471,0.0,0.0,0.0,3.0,0.0,0.0,0.0,0.0,0.0,2026
00-0039489,0.0,0.0,0.0,0.0,0.0,0.0,0.0,0.0,0.0,2026
00-0039491,0.0,0.0,0.0,0.0,0.0,6.0,74.0,0.6666666666666666,0.0,2026
00-0039498,0.0,0.0,0.0,0.0,0.0,0.0,0.0,0.0,0.0,2026
00-0039515,0.0,0.0,0.0,0.0,0.0,0.0,0.0,0.0,0.0,2026
00-0039518,0.0,0.0,0.0,0.0,0.0,0.0,0.0,0.0,0.0,2026
00-0039530,0.0,0.0,0.0,0.0,0.0,0.6,6.6,0.0,0.0,2026
00-0039532,0.0,0.0,0.0,0.0,0.0,0.0,0.0,0.0,0.0,2026
00-0039576,0.0,0.0,0.0,0.0,0.0,0.0,0.0,0.0,0.0,2026
00-0039589,0.0,0.0,0.0,0.0,0.0,0.2,0.6,0.0,0.0,2026
00-0039603,0.0,0.0,0.0,0.0,0.0,0.0,0.0,0.0,0.0,2026
00-0039622,0.0,0.0,0.0,0.0,0.0,0.0,0.0,0.0,0.0,2026
00-0039632,0.0,0.0,0.0,0.0,0.0,0.0,0.0,0.0,0.0,2026
00-0039634,0.0,0.0,0.0,0.0,0.0,0.0,0.0,0.0,0.0,2026
00-0039637,0.0,0.0,0.0,0.0,0.0,0.0,0.0,0.0,0.0,2026
00-0039660,0.0,0.0,0.0,0.0,0.0,0.0,0.0,0.0,0.0,2026
00-0039681,0.0,0.0,0.0,0.0,0.0,0.0,0.0,0.0,0.0,2026
00-0039686,0.0,0.0,0.0,0.0,0.0,0.5,4.0,0.0,0.0,2026
00-0039692,0.0,0.0,0.0,0.0,0.0,0.0,0.0,0.0,0.0,2026
00-0039710,0.0,0.0,0.0,0.0,0.0,0.0,0.0,0.0,0.0,2026
00-0039718,0.0,0.0,0.0,0.0,0.0,0.0,0.0,0.0,0.0,2026
00-0039725,0.0,0.0,0.0,0.0,0.0,0.0,0.0,0.0,0.0,2026
00-0039731,0.0,0.0,0.0,0.0,0.0,0.0,0.0,0.0,0.0,2026
00-0039732,204.75,1.25,0.75,6.25,0.25,0.0,0.0,0.0,0.25,2026
00-0039733,0.0,0.0,0.0,0.0,0.0,0.0,0.0,0.0,0.0,2026
00-0039734,0.0,0.0,0.0,0.0,0.0,0.0,0.0,0.0,0.0,2026
00-0039735,0.0,0.0,0.0,0.0,0.0,0.0,0.0,0.0,0.0,2026
00-0039738,0.0,0.0,0.0,40.5,0.0,1.0,5.0,0.0,0.0,2026
00-0039739,0.0,0.0,0.0,0.0,0.0,3.5,47.0,0.5,0.0,2026
00-0039740,0.0,0.0,0.0,0.0,0.0,0.0,0.0,0.0,0.0,2026
00-0039741,0.0,0.0,0.0,0.0,0.0,0.0,0.0,0.0,0.0,2026
00-0039745,0.0,0.0,0.0,0.0,0.0,0.0,0.0,0.0,0.0,2026
00-0039746,0.0,0.0,0.0,12.75,0.0,1.0,6.0,0.0,0.0,2026
00-0039749,0.0,0.0,0.0,0.0,0.0,0.0,0.0,0.0,0.0,2026
00-0039751,0.0,0.0,0.0,0.0,0.0,1.0,6.0,0.0,0.0,2026
00-0039752,0.0,0.0,0.0,0.0,0.0,0.0,0.0,0.0,0.0,2026
00-0039763,0.0,0.0,0.0,0.0,0.0,0.0,0.0,0.0,0.0,2026
00-0039770,0.0,0.0,0.0,0.0,0.0,0.0,0.0,0.0,0.0,2026
00-0039772,0.0,0.0,0.0,0.0,0.0,0.0,0.0,0.0,0.0,2026
00-0039774,0.0,0.0,0.0,0.0,0.0,0.0,0.0,0.0,0.0,2026
00-0039776,0.0,0.0,0.0,0.0,0.0,0.0,0.0,0.0,0.0,2026
00-0039789,0.0,0.0,0.0,0.0,0.0,0.0,0.0,0.0,0.0,2026
00-0039790,0.0,0.0,0.0,0.0,0.0,0.0,0.0,0.0,0.0,2026
00-0039792,0.0,0.0,0.0,0.0,0.0,0.6666666666666666,22.0,0.0,0.0,2026
00-0039793,0.0,0.0,0.0,0.25,0.25,2.25,25.5,0.0,0.0,2026
00-0039794,0.0,0.0,0.0,30.0,0.25,1.5,4.75,0.0,0.0,2026
00-0039795,0.0,0.0,0.0,0.0,0.0,0.0,0.0,0.0,0.0,2026
00-0039796,0.0,0.0,0.0,0.0,0.0,0.0,0.0,0.0,0.0,2026
00-0039798,0.0,0.0,0.0,0.0,0.0,0.0,0.0,0.0,0.0,2026
00-0039807,0.0,0.0,0.0,0.0,0.0,0.0,0.0,0.0,0.0,2026
00-0039808,0.0,0.0,0.0,0.0,0.0,0.0,0.0,0.0,0.0,2026
00-0039809,0.0,0.0,0.0,0.0,0.0,0.0,0.0,0.0,0.0,2026
00-0039811,0.0,0.0,0.0,20.25,0.0,2.25,12.25,0.25,0.25,2026
00-0039812,0.0,0.0,0.0,0.0,0.0,0.0,0.0,0.0,0.0,2026
00-0039813,0.0,0.0,0.0,0.0,0.0,0.0,0.0,0.0,0.0,2026
00-0039814,0.0,0.0,0.0,0.0,0.0,2.0,5.0,0.0,0.0,2026
00-0039816,0.0,0.0,0.0,0.0,0.0,0.0,0.0,0.0,0.0,2026
00-0039817,0.0,0.0,0.0,0.0,0.0,0.0,0.0,0.0,0.0,2026
00-0039819,0.0,0.0,0.0,0.0,0.0,0.0,0.0,0.0,0.0,2026
00-0039821,0.0,0.0,0.0,0.0,0.0,0.0,0.0,0.0,0.0,2026
00-0039825,0.0,0.0,0.0,0.0,0.0,0.0,0.0,0.0,0.0,2026
00-0039826,0.0,0.0,0.0,0.0,0.0,0.0,0.0,0.0,0.0,2026
00-0039829,0.0,0.0,0.0,0.0,0.0,0.0,0.0,0.0,0.0,2026
00-0039831,0.0,0.0,0.0,0.0,0.0,0.0,0.0,0.0,0.0,2026
00-0039834,0.0,0.0,0.0,0.0,0.0,0.0,0.0,0.0,0.0,2026
00-0039835,0.0,0.0,0.0,0.0,0.0,0.0,0.0,0.0,0.0,2026
00-0039837,0.0,0.0,0.0,0.0,0.0,0.0,0.0,0.0,0.0,2026
00-0039838,0.0,0.0,0.0,0.0,0.0,0.0,0.0,0.0,0.0,2026
00-0039840,0.0,0.0,0.0,0.0,0.0,0.0,0.0,0.0,0.0,2026
00-0039841,0.0,0.0,0.0,0.0,0.0,0.0,0.0,0.0,0.0,2026
00-0039842,0.0,0.0,0.0,0.0,0.0,0.0,0.0,0.0,0.0,2026
00-0039844,0.0,0.0,0.0,0.0,0.0,0.0,0.0,0.0,0.0,2026
00-0039846,0.0,0.0,0.0,0.0,0.0,0.0,0.0,0.0,0.0,2026
00-0039847,0.0,0.0,0.0,0.0,0.0,0.6666666666666666,6.666666666666667,0.3333333333333333,0.0,2026
00-0039849,0.0,0.0,0.0,0.0,0.0,1.25,21.25,0.25,0.0,2026
00-0039850,0.0,0.0,0.0,0.0,0.0,0.0,0.0,0.0,0.0,2026
00-0039851,213.5,1.0,1.75,34.0,0.0,0.0,0.0,0.0,0.5,2026
00-0039852,0.0,0.0,0.0,0.0,0.0,0.0,0.0,0.0,0.0,2026
00-0039854,0.0,0.0,0.0,0.0,0.0,0.0,0.0,0.0,0.0,2026
00-0039855,0.0,0.0,0.0,0.0,0.0,0.0,0.0,0.0,0.0,2026
00-0039858,0.0,0.0,0.0,0.0,0.0,0.0,0.0,0.0,0.0,2026
00-0039859,0.0,0.0,0.0,0.0,0.0,0.0,0.0,0.0,0.0,2026
00-0039860,0.0,0.0,0.0,0.0,0.0,0.0,0.0,0.0,0.0,2026
00-0039861,0.0,0.0,0.0,0.0,0.0,0.0,0.0,0.0,0.0,2026
00-0039862,0.0,0.0,0.0,0.0,0.0,0.0,0.0,0.0,0.0,2026
00-0039867,0.0,0.0,0.0,0.0,0.0,0.0,0.0,0.0,0.0,2026
00-0039868,0.0,0.0,0.0,1.6666666666666667,0.0,0.6666666666666666,16.0,0.0,0.0,2026
00-0039871,0.0,0.0,0.0,0.0,0.0,0.0,0.0,0.0,0.0,2026
00-0039872,0.0,0.0,0.0,0.0,0.0,0.0,0.0,0.0,0.0,2026
00-0039873,0.0,0.0,0.0,0.0,0.0,0.0,0.0,0.0,0.0,2026
00-0039874,0.0,0.0,0.0,5.666666666666667,0.0,0.0,0.0,0.0,0.0,2026
00-0039875,0.0,0.0,0.0,2.0,0.0,0.3333333333333333,1.3333333333333333,0.0,0.0,2026
00-0039879,0.0,0.0,0.0,0.0,0.0,0.0,0.0,0.0,0.0,2026
00-0039880,0.0,0.0,0.0,3.0,0.0,4.25,54.75,0.0,0.25,2026
00-0039886,0.0,0.0,0.0,0.0,0.0,0.0,0.0,0.0,0.0,2026
00-0039888,0.0,0.0,0.0,0.0,0.0,0.0,0.0,0.0,0.0,2026
00-0039889,0.0,0.0,0.0,0.0,0.0,0.0,0.0,0.0,0.0,2026
00-0039890,0.0,0.0,0.0,0.0,0.0,4.5,61.5,0.0,0.0,2026
00-0039893,0.0,0.0,0.0,0.0,0.0,2.25,26.25,0.25,0.0,2026
00-0039894,0.0,0.0,0.0,0.0,0.0,3.5,33.25,0.25,0.0,2026
00-0039895,0.0,0.0,0.0,0.0,0.0,0.0,0.0,0.0,0.0,2026
00-0039897,0.0,0.0,0.0,0.0,0.0,0.0,0.0,0.0,0.0,2026
00-0039898,0.0,0.0,0.0,0.0,0.0,0.0,0.0,0.0,0.0,2026
00-0039899,0.0,0.0,0.0,0.0,0.0,0.0,0.0,0.0,0.0,2026
00-0039901,0.0,0.0,0.0,0.0,0.0,3.5,54.25,0.25,0.0,2026
00-0039904,0.0,0.0,0.0,0.0,0.0,0.0,0.0,0.0,0.0,2026
00-0039905,0.0,0.0,0.0,0.0,0.0,0.0,0.0,0.0,0.0,2026
00-0039908,0.0,0.0,0.0,0.0,0.0,0.0,0.0,0.0,0.0,2026
00-0039910,130.0,1.5,0.0,50.0,0.0,0.0,0.0,0.0,0.0,2026
00-0039911,0.0,0.0,0.0,0.0,0.0,0.0,0.0,0.0,0.0,2026
00-0039912,0.0,0.0,0.0,0.0,0.0,0.5,3.0,0.0,0.0,2026
00-0039913,0.0,0.0,0.0,0.0,0.0,0.3333333333333333,4.333333333333333,0.0,0.0,2026
00-0039915,0.0,0.0,0.0,0.0,0.0,3.0,45.75,0.25,0.0,2026
00-0039917,239.5,1.0,0.5,-2.0,0.0,0.0,0.0,0.0,0.0,2026
00-0039918,203.5,1.0,0.5,53.5,1.0,0.0,0.0,0.0,0.0,2026
00-0039919,0.0,0.0,0.0,0.0,0.0,3.5,58.25,0.0,0.0,2026
00-0039920,0.0,0.0,0.0,0.0,0.0,0.0,0.0,0.0,0.0,2026
00-0039924,0.0,0.0,0.0,0.0,0.0,0.0,0.0,0.0,0.0,2026
00-0039925,0.0,0.0,0.0,0.0,0.0,0.0,0.0,0.0,0.0,2026
00-0039926,0.0,0.0,0.0,0.0,0.0,0.0,0.0,0.0,0.0,2026
00-0040007,0.0,0.0,0.0,0.0,0.0,0.0,0.0,0.0,0.0,2026
00-0040008,0.0,0.0,0.0,0.0,0.0,0.0,0.0,0.0,0.0,2026
00-0040010,0.0,0.0,0.0,0.0,0.0,0.0,0.0,0.0,0.0,2026
00-0040011,0.0,0.0,0.0,0.0,0.0,0.0,0.0,0.0,0.0,2026
00-0040013,0.0,0.0,0.0,0.0,0.0,0.0,0.0,0.0,0.0,2026
00-0040020,0.0,0.0,0.0,0.0,0.0,0.0,0.0,0.0,0.0,2026
00-0040024,0.0,0.0,0.0,0.0,0.0,1.25,14.75,0.75,0.0,2026
00-0040041,0.0,0.0,0.0,0.0,0.0,0.0,0.0,0.0,0.0,2026
00-0040043,0.0,0.0,0.0,0.0,0.0,0.0,0.0,0.0,0.0,2026
00-0040045,0.0,0.0,0.0,0.0,0.0,0.0,0.0,0.0,0.0,2026
00-0040056,0.0,0.0,0.0,0.0,0.0,0.0,0.0,0.0,0.0,2026
00-0040061,0.0,0.0,0.0,0.0,0.0,0.0,0.0,0.0,0.0,2026
00-0040066,0.0,0.0,0.0,0.0,0.0,0.0,0.0,0.0,0.0,2026
00-0040069,0.0,0.0,0.0,0.0,0.0,0.0,0.0,0.0,0.0,2026
00-0040070,0.0,0.0,0.0,0.0,0.0,0.0,0.0,0.0,0.0,2026
00-0040071,0.0,0.0,0.0,0.0,0.0,0.0,0.0,0.0,0.0,2026
00-0040072,0.0,0.0,0.0,0.0,0.0,0.0,0.0,0.0,0.0,2026
00-0040074,0.0,0.0,0.0,0.0,0.0,0.0,0.0,0.0,0.0,2026
00-0040075,0.0,0.0,0.0,0.0,0.0,0.75,7.25,0.0,0.0,2026
00-0040076,0.0,0.0,0.0,0.0,0.0,0.0,0.0,0.0,0.0,2026
00-0040078,0.0,0.0,0.0,0.0,0.0,0.5,2.0,0.0,0.0,2026
00-0040081,0.0,0.0,0.0,0.0,0.0,0.3333333333333333,3.0,0.0,0.0,2026
00-0040089,0.0,0.0,0.0,0.0,0.0,0.0,0.0,0.0,0.0,2026
00-0040100,0.0,0.0,0.0,0.0,0.0,0.0,0.0,0.0,0.0,2026
00-0040104,0.0,0.0,0.0,0.0,0.0,0.0,0.0,0.0,0.0,2026
00-0040118,0.0,0.0,0.0,0.0,0.0,0.0,0.0,0.0,0.0,2026
00-0040122,0.0,0.0,0.0,66.0,0.0,4.75,41.25,0.5,0.0,2026
00-0040124,0.0,0.0,0.0,0.0,0.0,6.5,96.25,0.5,0.25,2026
00-0040125,0.0,0.0,0.0,0.0,0.0,0.0,0.0,0.0,0.0,2026
00-0040126,0.0,0.0,0.0,0.0,0.0,2.75,22.75,0.0,0.0,2026
00-0040128,0.0,0.0,0.0,1.25,0.0,5.75,32.5,0.5,0.0,2026
00-0040129,0.0,0.0,0.0,2.2,0.2,4.2,38.4,0.2,0.0,2026
00-0040131,0.0,0.0,0.0,0.0,0.0,0.5,11.0,0.0,0.0,2026
00-0040132,0.0,0.0,0.0,0.0,0.0,0.0,0.0,0.0,0.0,2026
00-0040133,0.0,0.0,0.0,0.0,0.0,0.0,0.0,0.0,0.0,2026
00-0040134,0.0,0.0,0.0,4.0,0.0,2.25,33.25,0.25,0.0,2026
00-0040136,0.0,0.0,0.0,0.0,0.0,0.0,0.0,0.0,0.0,2026
00-0040137,0.0,0.0,0.0,0.0,0.0,0.0,0.0,0.0,0.0,2026
00-0040138,0.0,0.0,0.0,6.25,0.0,2.0,46.5,0.0,0.0,2026
00-0040139,0.0,0.0,0.0,0.0,0.0,0.0,0.0,0.0,0.0,2026
00-0040140,0.0,0.0,0.0,0.0,0.0,0.0,0.0,0.0,0.0,2026
00-0040141,0.0,0.0,0.0,0.0,0.0,0.0,0.0,0.0,0.0,2026
00-0040142,0.0,0.0,0.0,20.0,0.0,0.25,2.5,0.0,0.25,2026
00-0040143,0.0,0.0,0.0,0.0,0.0,0.0,0.0,0.0,0.0,2026
00-0040144,0.0,0.0,0.0,0.0,0.0,0.0,0.0,0.0,0.0,2026
00-0040145,0.0,0.0,0.0,0.0,0.0,0.0,0.0,0.0,0.0,2026
00-0040147,0.0,0.0,0.0,0.0,0.0,0.0,0.0,0.0,0.0,2026
00-0040148,0.0,0.0,0.0,0.0,0.0,0.0,0.0,0.0,0.0,2026
00-0040149,0.0,0.0,0.0,0.0,0.0,0.0,0.0,0.0,0.0,2026
00-0040150,0.0,0.0,0.0,0.0,0.0,0.0,0.0,0.0,0.0,2026
00-0040152,0.0,0.0,0.0,0.0,0.0,0.0,0.0,0.0,0.0,2026
00-0040154,0.0,0.0,0.0,0.0,0.0,0.5,7.0,0.0,0.0,2026
00-0040155,0.0,0.0,0.0,0.0,0.0,0.0,0.0,0.0,0.0,2026
00-0040156,0.0,0.0,0.0,0.0,0.0,0.0,0.0,0.0,0.0,2026
00-0040157,0.0,0.0,0.0,0.0,0.0,0.0,0.0,0.0,0.0,2026
00-0040158,0.0,0.0,0.0,0.0,0.0,0.0,0.0,0.0,0.0,2026
00-0040159,0.0,0.0,0.0,0.0,0.0,0.0,0.0,0.0,0.0,2026
00-0040160,0.0,0.0,0.0,0.0,0.0,0.0,0.0,0.0,0.0,2026
00-0040162,0.0,0.0,0.0,0.0,0.0,0.0,0.0,0.0,0.0,2026
00-0040164,0.0,0.0,0.0,0.0,0.0,0.5,6.25,0.0,0.0,2026
00-0040165,0.0,0.0,0.0,0.0,0.0,0.0,0.0,0.0,0.0,2026
00-0040166,0.0,0.0,0.0,0.0,0.0,0.0,0.0,0.0,0.0,2026
00-0040168,0.0,0.0,0.0,0.0,0.0,0.0,0.0,0.0,0.0,2026
00-0040169,0.0,0.0,0.0,0.0,0.0,0.0,0.0,0.0,0.0,2026
00-0040170,0.0,0.0,0.0,0.0,0.0,1.25,28.25,0.25,0.0,2026
00-0040171,0.0,0.0,0.0,0.0,0.0,0.0,0.0,0.0,0.0,2026
00-0040172,0.0,0.0,0.0,0.0,0.0,2.0,60.0,0.0,0.0,2026
00-0040173,0.0,0.0,0.0,0.0,0.0,0.0,0.0,0.0,0.0,2026
00-0040174,0.0,0.0,0.0,0.0,0.0,0.0,0.0,0.0,0.0,2026
00-0040175,0.0,0.0,0.0,0.0,0.0,0.0,0.0,0.0,0.0,2026
00-0040177,0.0,0.0,0.0,15.0,0.0,0.0,0.0,0.0,0.0,2026
00-0040178,0.0,0.0,0.0,0.0,0.0,0.0,0.0,0.0,0.0,2026
00-0040182,0.0,0.0,0.0,0.0,0.0,0.0,0.0,0.0,0.0,2026
00-0040183,0.0,0.0,0.0,0.0,0.0,0.0,0.0,0.0,0.0,2026
00-0040185,0.0,0.0,0.0,0.0,0.0,0.0,0.0,0.0,0.0,2026
00-0040187,0.0,0.0,0.0,0.0,0.0,1.5,16.5,0.0,0.0,2026
00-0040188,0.0,0.0,0.0,0.0,0.0,0.0,0.0,0.0,0.0,2026
00-0040189,0.0,0.0,0.0,0.5,0.0,2.25,21.5,0.25,0.0,2026
00-0040192,0.0,0.0,0.0,0.0,0.0,0.0,0.0,0.0,0.0,2026
00-0040194,0.0,0.0,0.0,0.0,0.0,0.0,0.0,0.0,0.0,2026
00-0040195,0.0,0.0,0.0,0.0,0.0,0.0,0.0,0.0,0.0,2026
00-0040198,0.0,0.0,0.0,49.333333333333336,0.6666666666666666,1.6666666666666667,4.666666666666667,0.0,0.0,2026
00-0040199,0.0,0.0,0.0,0.0,0.0,0.0,0.0,0.0,0.0,2026
00-0040200,0.0,0.0,0.0,0.0,0.0,0.0,0.0,0.0,0.0,2026
00-0040201,0.0,0.0,0.0,0.0,0.0,0.0,0.0,0.0,0.0,2026
00-0040204,0.0,0.0,0.0,0.0,0.0,0.0,0.0,0.0,0.0,2026
00-0040207,0.0,0.0,0.0,0.0,0.0,0.0,0.0,0.0,0.0,2026
00-0040208,0.0,0.0,0.0,0.0,0.0,0.0,0.0,0.0,0.0,2026
00-0040209,0.0,0.0,0.0,0.0,0.0,0.0,0.0,0.0,0.0,2026
00-0040213,0.0,0.0,0.0,0.0,0.0,0.0,0.0,0.0,0.0,2026
00-0040215,0.0,0.0,0.0,0.0,0.0,1.0,4.0,0.0,0.0,2026
00-0040216,0.0,0.0,0.0,0.0,0.0,0.0,0.0,0.0,0.0,2026
00-0040218,0.0,0.0,0.0,0.0,0.0,0.0,0.0,0.0,0.0,2026
00-0040221,0.0,0.0,0.0,0.0,0.0,0.0,0.0,0.0,0.0,2026
00-0040223,0.0,0.0,0.0,0.0,0.0,0.0,0.0,0.0,0.0,2026
00-0040228,0.0,0.0,0.0,0.0,0.0,0.0,0.0,0.0,0.0,2026
00-0040230,0.0,0.0,0.0,0.0,0.0,0.0,0.0,0.0,0.0,2026
00-0040231,0.0,0.0,0.0,0.0,0.0,0.0,0.0,0.0,0.0,2026
00-0040235,0.0,0.0,0.0,0.0,0.0,0.0,0.0,0.0,0.0,2026
00-0040236,0.0,0.0,0.0,81.0,0.75,1.25,9.75,0.0,0.0,2026
00-0040237,0.0,0.0,0.0,1.2,0.0,1.0,27.6,0.0,0.0,2026
00-0040238,0.0,0.0,0.0,0.0,0.0,0.6666666666666666,3.0,0.0,0.0,2026
00-0040242,0.0,0.0,0.0,39.25,0.25,1.25,10.0,0.0,0.0,2026
00-0040245,0.0,0.0,0.0,0.0,0.0,0.0,0.0,0.0,0.0,2026
00-0040248,0.0,0.0,0.0,0.0,0.0,0.0,0.0,0.0,0.0,2026
00-0040249,0.0,0.0,0.0,0.0,0.0,0.0,0.0,0.0,0.0,2026
00-0040255,0.0,0.0,0.0,0.0,0.0,0.0,0.0,0.0,0.0,2026
00-0040261,0.0,0.0,0.0,0.0,0.0,0.0,0.0,0.0,0.0,2026
00-0040263,0.0,0.0,0.0,0.0,0.0,0.0,0.0,0.0,0.0,2026
00-0040265,0.0,0.0,0.0,0.0,0.0,0.0,0.0,0.0,0.0,2026
00-0040277,0.0,0.0,0.0,0.0,0.0,1.0,1.0,1.0,0.0,2026
00-0040279,0.0,0.0,0.0,0.0,0.0,0.0,0.0,0.0,0.0,2026
00-0040293,0.0,0.0,0.0,0.0,0.0,0.0,0.0,0.0,0.0,2026
00-0040318,0.0,0.0,0.0,0.0,0.0,0.0,0.0,0.0,0.0,2026
00-0040326,0.0,0.0,0.0,0.0,0.0,0.0,0.0,0.0,0.0,2026
00-0040331,0.0,0.0,0.0,0.0,0.0,0.0,0.0,0.0,0.0,2026
00-0040341,0.0,0.0,0.0,0.0,0.0,0.0,0.0,0.0,0.0,2026
00-0040342,0.0,0.0,0.0,0.0,0.0,0.0,0.0,0.0,0.0,2026
00-0040363,0.0,0.0,0.0,0.0,0.0,0.0,0.0,0.0,0.0,2026
00-0040379,0.0,0.0,0.0,0.0,0.0,0.0,0.0,0.0,0.0,2026
00-0040384,0.0,0.0,0.0,0.0,0.0,0.0,0.0,0.0,0.0,2026
00-0040390,0.0,0.0,0.0,0.0,0.0,1.0,8.0,0.0,0.0,2026
00-0040394,0.0,0.0,0.0,0.0,0.0,0.0,0.0,0.0,0.0,2026
00-0040405,0.0,0.0,0.0,0.0,0.0,0.0,0.0,0.0,0.0,2026
00-0040429,0.0,0.0,0.0,0.0,0.0,0.0,0.0,0.0,0.0,2026
00-0040434,0.0,0.0,0.0,0.0,0.0,0.0,0.0,0.0,0.0,2026
00-0040449,0.0,0.0,0.0,0.0,0.0,0.0,0.0,0.0,0.0,2026
00-0040458,0.0,0.0,0.0,0.0,0.0,0.0,0.0,0.0,0.0,2026
00-0040460,0.0,0.0,0.0,0.0,0.0,0.0,0.0,0.0,0.0,2026
00-0040466,0.0,0.0,0.0,7.75,0.0,2.5,18.25,0.0,0.0,2026
00-0040471,0.0,0.0,0.0,0.0,0.0,0.0,0.0,0.0,0.0,2026
00-0040496,0.0,0.0,0.0,0.0,0.0,0.0,0.0,0.0,0.0,2026
00-0040500,0.0,0.0,0.0,0.0,0.0,0.0,0.0,0.0,0.0,2026
00-0040506,0.0,0.0,0.0,0.5,0.0,0.5,1.5,0.0,0.0,2026
00-0040507,0.0,0.0,0.0,0.0,0.0,0.0,0.0,0.0,0.0,2026
00-0040534,0.0,0.0,0.0,0.0,0.0,0.0,0.0,0.0,0.0,2026
00-0040556,0.0,0.0,0.0,7.25,0.0,0.25,2.25,0.0,0.0,2026
00-0040560,0.0,0.0,0.0,0.0,0.0,0.0,0.0,0.0,0.0,2026
00-0040563,5.333333333333333,0.0,0.0,0.0,0.0,1.3333333333333333,13.666666666666666,0.3333333333333333,0.0,2026
00-0040568,0.0,0.0,0.0,0.0,0.0,2.0,9.0,0.0,0.0,2026
00-0040574,0.0,0.0,0.0,0.0,0.0,0.0,0.0,0.0,0.0,2026
00-0040579,0.0,0.0,0.0,0.0,0.0,0.0,0.0,0.0,0.0,2026
00-0040580,0.0,0.0,0.0,0.0,0.0,0.0,0.0,0.0,0.0,2026
00-0040582,0.0,0.0,0.0,0.0,0.0,0.0,0.0,0.0,0.0,2026
00-0040583,0.0,0.0,0.0,21.75,0.5,1.75,7.75,0.0,0.0,2026
00-0040584,0.0,0.0,0.0,0.0,0.0,2.25,15.0,0.0,0.0,2026
00-0040585,0.0,0.0,0.0,0.0,0.0,0.0,0.0,0.0,0.0,2026
00-0040587,0.0,0.0,0.0,0.0,0.0,0.0,0.0,0.0,0.0,2026
00-0040590,0.0,0.0,0.0,0.0,0.0,1.5,28.0,0.25,0.0,2026
00-0040598,0.0,0.0,0.0,0.0,0.0,2.0,29.0,0.0,0.0,2026
00-0040613,0.0,0.0,0.0,0.0,0.0,0.0,0.0,0.0,0.0,2026
00-0040621,0.0,0.0,0.0,0.0,0.0,0.0,0.0,0.0,0.0,2026
00-0040634,0.0,0.0,0.0,0.0,0.0,0.0,0.0,0.0,0.0,2026
00-0040636,0.0,0.0,0.0,0.0,0.0,0.0,0.0,0.0,0.0,2026
00-0040640,0.0,0.0,0.0,0.0,0.0,0.0,0.0,0.0,0.0,2026
00-0040641,0.0,0.0,0.0,0.0,0.0,0.0,0.0,0.0,0.0,2026
00-0040642,0.0,0.0,0.0,0.0,0.0,0.0,0.0,0.0,0.0,2026
00-0040643,0.0,0.0,0.0,0.0,0.0,0.0,0.0,0.0,0.0,2026
00-0040645,0.0,0.0,0.0,0.0,0.0,0.0,0.0,0.0,0.0,2026
00-0040646,0.0,0.0,0.0,0.0,0.0,0.75,4.25,0.25,0.0,2026
00-0040647,0.0,0.0,0.0,0.0,0.0,0.0,0.0,0.0,0.0,2026
00-0040648,0.0,0.0,0.0,0.0,0.0,2.0,27.0,0.5,0.0,2026
00-0040654,0.0,0.0,0.0,0.0,0.0,0.0,0.0,0.0,0.0,2026
00-0040655,0.0,0.0,0.0,0.0,0.0,0.0,0.0,0.0,0.0,2026
00-0040661,0.0,0.0,0.0,0.0,0.0,0.0,0.0,0.0,0.0,2026
00-0040662,0.0,0.0,0.0,0.0,0.0,0.0,0.0,0.0,0.0,2026
00-0040663,0.0,0.0,0.0,0.0,0.0,4.25,38.25,0.75,0.0,2026
00-0040666,0.0,0.0,0.0,59.5,0.75,1.0,7.25,0.0,0.5,2026
00-0040667,0.0,0.0,0.0,1.5,0.0,4.5,68.5,0.5,0.0,2026
00-0040668,0.0,0.0,0.0,0.0,0.0,0.0,0.0,0.0,0.0,2026
00-0040669,0.0,0.0,0.0,0.0,0.0,2.25,46.75,0.0,0.0,2026
00-0040670,0.0,0.0,0.0,0.0,0.0,0.0,0.0,0.0,0.0,2026
00-0040672,0.0,0.0,0.0,0.0,0.0,0.0,0.0,0.0,0.0,2026
00-0040676,181.5,0.75,0.5,14.25,0.5,0.0,0.0,0.0,0.0,2026
00-0040677,0.0,0.0,0.0,0.0,0.0,0.0,0.0,0.0,0.0,2026
00-0040678,0.0,0.0,0.0,0.0,0.0,0.0,0.0,0.0,0.0,2026
00-0040685,0.0,0.0,0.0,0.0,0.0,0.0,0.0,0.0,0.0,2026
00-0040686,0.0,0.0,0.0,0.0,0.0,0.0,0.0,0.0,0.0,2026
00-0040688,0.0,0.0,0.0,0.0,0.0,0.0,0.0,0.0,0.0,2026
00-0040689,0.0,0.0,0.0,0.0,0.0,0.0,0.0,0.0,0.0,2026
00-0040691,125.0,1.5,0.0,27.0,0.0,0.0,0.0,0.0,0.0,2026
00-0040694,0.0,0.0,0.0,0.0,0.0,0.0,0.0,0.0,0.0,2026
00-0040699,0.0,0.0,0.0,0.0,0.0,0.0,0.0,0.0,0.0,2026
00-0040705,0.0,0.0,0.0,0.0,0.0,0.75,6.25,0.0,0.0,2026
00-0040706,0.0,0.0,0.0,0.0,0.0,0.0,0.0,0.0,0.0,2026
00-0040708,0.0,0.0,0.0,0.0,0.0,0.0,0.0,0.0,0.0,2026
00-0040709,0.0,0.0,0.0,0.0,0.0,0.0,0.0,0.0,0.0,2026
00-0040710,0.0,0.0,0.0,0.0,0.0,0.0,0.0,0.0,0.0,2026
00-0040711,0.0,0.0,0.0,0.0,0.0,0.0,0.0,0.0,0.0,2026
00-0040715,0.0,0.0,0.0,58.75,0.25,2.0,16.75,0.0,0.0,2026
00-0040716,0.0,0.0,0.0,0.0,0.0,0.0,0.0,0.0,0.0,2026
00-0040718,0.0,0.0,0.0,0.75,0.0,0.25,2.0,0.0,0.0,2026
00-0040719,0.0,0.0,0.0,69.25,0.5,1.75,13.5,0.0,0.0,2026
00-0040720,0.0,0.0,0.0,0.0,0.0,0.0,0.0,0.0,0.0,2026
00-0040722,0.0,0.0,0.0,0.0,0.0,0.0,0.0,0.0,0.0,2026
00-0040725,0.0,0.0,0.0,0.0,0.0,0.0,0.0,0.0,0.0,2026
00-0040726,0.0,0.0,0.0,0.0,0.0,0.0,0.0,0.0,0.0,2026
00-0040727,0.0,0.0,0.0,0.0,0.0,3.25,52.25,0.0,0.0,2026
00-0040728,0.0,0.0,0.0,0.0,0.0,0.0,0.0,0.0,0.0,2026
00-0040729,0.0,0.0,0.0,0.0,0.0,2.5,24.0,0.5,0.0,2026
00-0040730,0.0,0.0,0.0,16.333333333333332,0.0,6.666666666666667,44.0,0.0,0.0,2026
00-0040733,0.0,0.0,0.0,0.0,0.0,0.0,0.0,0.0,0.0,2026
00-0040734,0.0,0.0,0.0,47.0,0.3333333333333333,0.3333333333333333,2.0,0.0,0.0,2026
00-0040735,0.0,0.0,0.0,5.0,0.0,4.75,54.75,0.25,0.25,2026
00-0040736,0.0,0.0,0.0,0.0,0.0,2.0,-2.0,0.0,0.0,2026
00-0040737,0.0,0.0,0.0,0.0,0.0,2.3333333333333335,21.0,0.3333333333333333,0.0,2026
00-0040738,0.0,0.0,0.0,0.0,0.0,0.0,0.0,0.0,0.0,2026
00-0040739,0.0,0.0,0.0,0.0,0.0,1.0,17.0,0.0,0.0,2026
00-0040743,300.75,2.25,0.75,18.0,0.25,0.0,0.0,0.0,0.75,2026
00-0040744,0.0,0.0,0.0,0.0,0.0,0.0,0.0,0.0,0.0,2026
00-0040745,0.0,0.0,0.0,0.0,0.0,0.0,0.0,0.0,0.0,2026
00-0040747,0.0,0.0,0.0,0.0,0.0,0.0,0.0,0.0,0.0,2026
00-0040749,0.0,0.0,0.0,0.0,0.0,0.0,0.0,0.0,0.0,2026
00-0040751,0.0,0.0,0.0,0.0,0.0,0.0,0.0,0.0,0.0,2026
00-0040752,0.0,0.0,0.0,0.0,0.0,0.0,0.0,0.0,0.0,2026
00-0040756,0.0,0.0,0.0,0.0,0.0,0.0,0.0,0.0,0.0,2026
00-0040782,0.0,0.0,0.0,0.0,0.0,1.0,6.0,0.0,0.0,2026
00-0040784,0.0,0.0,0.0,44.25,0.25,3.75,24.0,0.0,0.0,2026
00-0040785,0.0,0.0,0.0,2.5,0.0,2.75,32.25,0.0,0.0,2026
00-0040865,0.0,0.0,0.0,0.0,0.0,0.0,0.0,0.0,0.0,2026
00-0040866,0.0,0.0,0.0,0.0,0.0,0.0,0.0,0.0,0.0,2026
00-0040867,0.0,0.0,0.0,-1.25,0.0,2.5,16.25,0.0,0.0,2026
00-0040868,0.0,0.0,0.0,0.0,0.0,0.0,0.0,0.0,0.0,2026
00-0040869,0.0,0.0,0.0,0.0,0.0,0.0,0.0,0.0,0.0,2026
00-0040870,0.0,0.0,0.0,0.0,0.0,1.0,11.0,0.0,0.0,2026
00-0040872,0.0,0.0,0.0,0.0,0.0,0.0,0.0,0.0,0.0,2026
00-0040873,0.0,0.0,0.0,0.0,0.0,0.0,0.0,0.0,0.0,2026
00-0040876,0.0,0.0,0.0,0.0,0.0,1.0,13.0,0.0,0.0,2026
00-0040877,0.0,0.0,0.0,0.0,0.0,0.0,0.0,0.0,0.0,2026
00-0040878,0.0,0.0,0.0,30.0,0.25,0.25,-0.25,0.0,0.0,2026
00-0040879,0.0,0.0,0.0,0.0,0.0,1.6666666666666667,23.333333333333332,0.3333333333333333,0.0,2026
00-0040880,0.0,0.0,0.0,0.0,0.0,0.0,0.0,0.0,0.0,2026
00-0040884,0.0,0.0,0.0,0.0,0.0,0.0,0.0,0.0,0.0,2026
00-0040885,0.0,0.0,0.0,0.0,0.0,0.0,0.0,0.0,0.0,2026
00-0040886,0.0,0.0,0.0,6.0,0.0,0.0,0.0,0.0,0.0,2026
00-0040887,0.0,0.0,0.0,0.0,0.0,0.5,7.0,0.0,0.0,2026
00-0040889,0.0,0.0,0.0,0.0,0.0,0.0,0.0,0.0,0.0,2026
00-0040890,0.0,0.0,0.0,0.0,0.0,0.0,0.0,0.0,0.0,2026
00-0040894,0.0,0.0,0.0,-2.0,0.0,0.25,1.5,0.0,0.0,2026
00-0040898,0.0,0.0,0.0,0.0,0.0,0.0,0.0,0.0,0.0,2026
00-0040899,0.0,0.0,0.0,0.0,0.0,0.0,0.0,0.0,0.0,2026
00-0040923,0.0,0.0,0.0,0.0,0.0,0.0,0.0,0.0,0.0,2026
00-0040928,0.0,0.0,0.0,0.0,0.0,0.0,0.0,0.0,0.0,2026
00-0040948,0.0,0.0,0.0,0.0,0.0,1.0,7.333333333333333,0.0,0.0,2026
00-0040957,0.0,0.0,0.0,0.0,0.0,0.0,0.0,0.0,0.0,2026
00-0040978,0.0,0.0,0.0,0.0,0.0,0.0,0.0,0.0,0.0,2026
00-0041013,0.0,0.0,0.0,14.0,0.0,1.25,18.5,0.0,0.0,2026
00-0041019,0.0,0.0,0.0,0.0,0.0,0.0,0.0,0.0,0.0,2026
00-0041026,0.0,0.0,0.0,0.0,0.0,0.0,0.0,0.0,0.0,2026
00-0041027,0.0,0.0,0.0,55.75,0.25,2.75,9.0,0.25,0.0,2026
00-0041028,0.0,0.0,0.0,0.0,0.0,0.0,0.0,0.0,0.0,2026
00-0041030,0.0,0.0,0.0,0.0,0.0,0.0,0.0,0.0,0.0,2026
00-0041031,0.0,0.0,0.0,0.0,0.0,0.0,0.0,0.0,0.0,2026
00-0041032,0.0,0.0,0.0,0.75,0.25,3.0,35.75,0.25,0.0,2026
00-0041033,0.0,0.0,0.0,0.0,0.0,0.0,0.0,0.0,0.0,2026
00-0041034,0.0,0.0,0.0,0.0,0.0,0.0,0.0,0.0,0.0,2026
00-0041036,0.0,0.0,0.0,0.0,0.0,0.0,0.0,0.0,0.0,2026
00-0041037,0.0,0.0,0.0,0.0,0.0,3.25,71.0,0.5,0.0,2026
00-0041038,0.0,0.0,0.0,0.0,0.0,0.0,0.0,0.0,0.0,2026
00-0041039,0.0,0.0,0.0,0.0,0.0,0.0,0.0,0.0,0.0,2026
00-0041040,0.0,0.0,0.0,0.0,0.0,3.0,31.0,0.25,0.0,2026
00-0041041,0.0,0.0,0.0,0.0,0.0,0.5,4.0,0.0,0.0,2026
00-0041042,0.0,0.0,0.0,0.0,0.0,2.0,31.5,0.25,0.0,2026
00-0041043,0.0,0.0,0.0,0.0,0.0,0.0,0.0,0.0,0.0,2026
00-0041044,0.0,0.0,0.0,0.0,0.0,1.25,7.75,0.0,0.0,2026
00-0041045,0.0,0.0,0.0,0.0,0.0,0.0,0.0,0.0,0.0,2026
00-0041046,0.0,0.0,0.0,0.0,0.0,0.0,0.0,0.0,0.0,2026
00-0041048,0.0,0.0,0.0,0.0,0.0,2.0,32.0,0.25,0.0,2026
00-0041049,0.0,0.0,0.0,0.0,0.0,0.0,0.0,0.0,0.0,2026
00-0041050,0.0,0.0,0.0,0.0,0.0,0.0,0.0,0.0,0.0,2026
00-0041051,0.0,0.0,0.0,0.0,0.0,0.3333333333333333,0.3333333333333333,0.0,0.0,2026
00-0041052,0.0,0.0,0.0,30.0,0.0,0.25,1.25,0.0,0.0,2026
00-0041053,0.0,0.0,0.0,0.0,0.0,0.0,0.0,0.0,0.0,2026
00-0041057,0.0,0.0,0.0,0.0,0.0,0.0,0.0,0.0,0.0,2026
00-0041058,0.0,0.0,0.0,0.0,0.0,0.0,0.0,0.0,0.0,2026
00-0041060,0.0,0.0,0.0,0.0,0.0,0.0,0.0,0.0,0.0,2026
00-0041063,0.0,0.0,0.0,0.0,0.0,0.0,0.0,0.0,0.0,2026
00-0041064,0.0,0.0,0.0,0.0,0.0,0.0,0.0,0.0,0.0,2026
00-0041066,0.0,0.0,0.0,0.0,0.0,0.0,0.0,0.0,0.0,2026
00-0041067,0.0,0.0,0.0,0.0,0.0,1.25,14.25,0.0,0.0,2026
00-0041069,0.0,0.0,0.0,0.0,0.0,1.0,4.5,0.0,0.0,2026
00-0041072,0.0,0.0,0.0,0.0,0.0,0.0,0.0,0.0,0.0,2026
00-0041074,0.0,0.0,0.0,0.0,0.0,0.0,0.0,0.0,0.0,2026
00-0041076,0.0,0.0,0.0,0.0,0.0,0.0,0.0,0.0,0.0,2026
00-0041078,0.0,0.0,0.0,0.0,0.0,0.0,0.0,0.0,0.0,2026
00-0041081,0.0,0.0,0.0,0.0,0.0,0.0,0.0,0.0,0.0,2026
00-0041088,0.0,0.0,0.0,0.0,0.0,0.0,0.0,0.0,0.0,2026
00-0041093,0.0,0.0,0.0,0.0,0.0,0.0,0.0,0.0,0.0,2026
00-0041094,0.0,0.0,0.0,0.0,0.0,0.0,0.0,0.0,0.0,2026
00-0041096,0.0,0.0,0.0,13.666666666666666,0.0,0.0,0.0,0.0,0.0,2026
00-0041099,0.0,0.0,0.0,-0.6666666666666666,0.0,0.0,0.0,0.0,0.0,2026
00-0041100,0.0,0.0,0.0,0.0,0.0,1.25,18.5,0.5,0.0,2026
00-0041102,0.0,0.0,0.0,0.0,0.0,0.0,0.0,0.0,0.0,2026
00-0041104,0.0,0.0,0.0,4.333333333333333,0.0,0.3333333333333333,0.6666666666666666,0.0,0.0,2026
00-0041109,0.0,0.0,0.0,0.0,0.0,0.0,0.0,0.0,0.0,2026
00-0041110,0.0,0.0,0.0,0.0,0.0,0.0,0.0,0.0,0.0,2026
00-0041111,0.0,0.0,0.0,0.0,0.0,0.0,0.0,0.0,0.0,2026
00-0041112,0.0,0.0,0.0,0.0,0.0,0.0,0.0,0.0,0.0,2026
00-0041115,0.0,0.0,0.0,0.0,0.0,0.0,0.0,0.0,0.0,2026
00-0041117,186.0,1.0,1.0,16.0,0.0,0.0,0.0,0.0,0.0,2026
00-0041119,0.0,0.0,0.0,0.0,0.0,0.0,0.0,0.0,0.0,2026
00-0041125,0.0,0.0,0.0,11.25,0.0,0.5,1.75,0.0,0.0,2026
00-0041126,0.0,0.0,0.0,0.0,0.0,0.0,0.0,0.0,0.0,2026
00-0041131,0.0,0.0,0.0,0.0,0.0,0.0,0.0,0.0,0.0,2026
00-0041132,0.0,0.0,0.0,7.0,0.0,0.5,3.0,0.0,0.0,2026
00-0041143,0.0,0.0,0.0,0.0,0.0,0.0,0.0,0.0,0.0,2026
00-0041145,0.0,0.0,0.0,0.0,0.0,0.0,0.0,0.0,0.0,2026
00-0041148,0.0,0.0,0.0,0.0,0.0,0.0,0.0,0.0,0.0,2026
00-0041159,0.0,0.0,0.0,0.0,0.0,0.0,0.0,0.0,0.0,2026
00-0041167,0.0,0.0,0.0,0.0,0.0,0.0,0.0,0.0,0.0,2026
00-0041175,0.0,0.0,0.0,0.0,0.0,0.0,0.0,0.0,0.0,2026
00-0041182,0.0,0.0,0.0,0.0,0.0,0.0,0.0,0.0,0.0,2026
00-0041194,59.0,0.0,1.0,16.0,0.0,0.0,0.0,0.0,1.0,2026
00-0041218,0.0,0.0,0.0,0.0,0.0,0.0,0.0,0.0,0.0,2026
00-0041227,0.0,0.0,0.0,0.0,0.0,0.0,0.0,0.0,0.0,2026
00-0041251,112.33333333333333,0.6666666666666666,1.0,29.0,0.0,0.0,0.0,0.0,0.0,2026
00-0041267,0.0,0.0,0.0,0.0,0.0,0.0,0.0,0.0,0.0,2026
00-0041275,0.0,0.0,0.0,0.0,0.0,0.0,0.0,0.0,0.0,2026
00-0041292,0.0,0.0,0.0,0.0,0.0,0.0,0.0,0.0,0.0,2026
00-0041305,0.0,0.0,0.0,0.0,0.0,0.0,0.0,0.0,0.0,2026
00-0041316,0.0,0.0,0.0,0.0,0.0,0.0,0.0,0.0,0.0,2026
00-0041320,0.0,0.0,0.0,0.0,0.0,0.0,0.0,0.0,0.0,2026
00-0041326,0.0,0.0,0.0,7.25,0.0,0.75,0.75,0.0,0.0,2026
00-0041354,0.0,0.0,0.0,0.0,0.0,0.0,0.0,0.0,0.0,2026
00-0041358,0.0,0.0,0.0,0.0,0.0,0.0,0.0,0.0,0.0,2026
00-0041363,0.0,0.0,0.0,0.0,0.0,0.0,0.0,0.0,0.0,2026
00-0041370,0.0,0.0,0.0,0.0,0.0,0.0,0.0,0.0,0.0,2026
00-0041381,0.0,0.0,0.0,0.0,0.0,0.0,0.0,0.0,0.0,2026
00-0041382,0.0,0.0,0.0,0.0,0.0,0.0,0.0,0.0,0.0,2026
00-0041390,0.0,0.0,0.0,0.0,0.0,0.0,0.0,0.0,0.0,2026
00-0041391,0.0,0.0,0.0,0.0,0.0,0.0,0.0,0.0,0.0,2026
00-0041392,0.0,0.0,0.0,0.0,0.0,0.0,0.0,0.0,0.0,2026
00-0041393,0.0,0.0,0.0,0.0,0.0,0.0,0.0,0.0,0.0,2026
00-0041395,0.0,0.0,0.0,0.0,0.0,1.0,14.666666666666666,0.3333333333333333,0.0,2026
00-0041397,0.0,0.0,0.0,0.0,0.0,0.0,0.0,0.0,0.0,2026
00-0041398,0.0,0.0,0.0,0.0,0.0,0.0,0.0,0.0,0.0,2026
00-0041401,0.0,0.0,0.0,0.0,0.0,0.0,0.0,0.0,0.0,2026
00-0041402,0.0,0.0,0.0,0.0,0.0,0.0,0.0,0.0,0.0,2026
00-0041404,0.0,0.0,0.0,0.0,0.0,0.0,0.0,0.0,0.0,2026
00-0041410,0.0,0.0,0.0,0.0,0.0,0.0,0.0,0.0,0.0,2026
00-0041415,0.0,0.0,0.0,0.0,0.0,0.0,0.0,0.0,0.0,2026
00-0041436,0.0,0.0,0.0,0.0,0.0,0.5,9.0,0.0,0.0,2026
00-0041438,0.0,0.0,0.0,0.0,0.0,5.5,67.0,0.0,0.25,2026
00-0041439,0.0,0.0,0.0,0.0,0.0,0.0,0.0,0.0,0.0,2026
00-0041441,0.0,0.0,0.0,0.0,0.0,0.0,0.0,0.0,0.0,2026
00-0041442,0.0,0.0,0.0,0.0,0.0,0.0,0.0,0.0,0.0,2026
00-0041444,0.0,0.0,0.0,0.0,0.0,0.0,0.0,0.0,0.0,2026
00-0041445,0.0,0.0,0.0,0.0,0.0,0.0,0.0,0.0,0.0,2026
00-0041447,0.0,0.0,0.0,0.0,0.0,0.0,0.0,0.0,0.0,2026
00-0041449,0.0,0.0,0.0,0.0,0.0,0.0,0.0,0.0,0.0,2026
00-0041455,0.0,0.0,0.0,0.0,0.0,0.0,0.0,0.0,0.0,2026
00-0041459,0.0,0.0,0.0,0.0,0.0,0.0,0.0,0.0,0.0,2026
00-0041462,0.0,0.0,0.0,0.0,0.0,0.0,0.0,0.0,0.0,2026
00-0041464,0.0,0.0,0.0,0.0,0.0,0.0,0.0,0.0,0.0,2026
00-0041465,0.0,0.0,0.0,0.0,0.0,0.0,0.0,0.0,0.0,2026
00-0041466,0.0,0.0,0.0,0.0,0.0,0.0,0.0,0.0,0.0,2026
00-0041467,0.0,0.0,0.0,0.0,0.0,0.0,0.0,0.0,0.0,2026
00-0041469,0.0,0.0,0.0,0.0,0.0,0.0,0.0,0.0,0.0,2026
00-0041470,0.0,0.0,0.0,0.0,0.0,0.0,0.0,0.0,0.0,2026
00-0041471,0.0,0.0,0.0,0.0,0.0,0.0,0.0,0.0,0.0,2026
00-0041472,0.0,0.0,0.0,0.0,0.0,1.0,16.0,0.0,0.0,2026
00-0041478,0.0,0.0,0.0,0.0,0.0,0.0,0.0,0.0,0.0,2026
00-0041479,0.0,0.0,0.0,0.0,0.0,0.0,0.0,0.0,0.0,2026
00-0041482,0.0,0.0,0.0,0.0,0.0,0.0,0.0,0.0,0.0,2026
00-0041489,0.0,0.0,0.0,0.0,0.0,2.3333333333333335,20.0,0.0,0.0,2026
00-0041490,0.0,0.0,0.0,0.0,0.0,0.0,0.0,0.0,0.0,2026
00-0041494,0.0,0.0,0.0,0.0,0.0,0.0,0.0,0.0,0.0,2026
00-0041495,0.0,0.0,0.0,0.0,0.0,0.0,0.0,0.0,0.0,2026
00-0041496,0.0,0.0,0.0,19.5,0.5,1.5,9.5,0.0,0.0,2026
00-0041497,0.0,0.0,0.0,0.0,0.0,0.0,0.0,0.0,0.0,2026
00-0041501,0.0,0.0,0.0,0.0,0.0,0.0,0.0,0.0,0.0,2026
00-0041502,0.0,0.0,0.0,0.0,0.0,0.0,0.0,0.0,0.0,2026
00-0041503,0.0,0.0,0.0,0.0,0.0,0.6666666666666666,8.0,0.0,0.0,2026
00-0041505,0.0,0.0,0.0,0.0,0.0,0.0,0.0,0.0,0.0,2026
00-0041508,0.0,0.0,0.0,0.0,0.0,0.0,0.0,0.0,0.0,2026
00-0041509,0.0,0.0,0.0,0.0,0.0,0.0,0.0,0.0,0.0,2026
00-0041511,0.0,0.0,0.0,0.0,0.0,1.0,30.0,0.0,0.0,2026
00-0041512,0.0,0.0,0.0,39.666666666666664,0.0,1.3333333333333333,7.0,0.0,0.6666666666666666,2026
00-0041518,0.0,0.0,0.0,0.0,0.0,0.0,0.0,0.0,0.0,2026
00-0041521,0.0,0.0,0.0,0.0,0.0,0.0,0.0,0.0,0.0,2026
00-0041522,0.0,0.0,0.0,0.0,0.0,0.0,0.0,0.0,0.0,2026
00-0041523,0.0,0.0,0.0,0.0,0.0,3.5,56.5,0.0,0.0,2026
00-0041524,0.0,0.0,0.0,0.0,0.0,0.5,4.75,0.0,0.0,2026
00-0041525,0.0,0.0,0.0,0.0,0.0,1.25,23.0,0.0,0.0,2026
00-0041528,0.0,0.0,0.0,0.0,0.0,0.0,0.0,0.0,0.0,2026
00-0041529,0.0,0.0,0.0,0.0,0.0,0.6666666666666666,2.0,0.0,0.0,2026
00-0041532,0.0,0.0,0.0,0.0,0.0,0.0,0.0,0.0,0.0,2026
00-0041533,0.0,0.0,0.0,0.0,0.0,0.0,0.0,0.0,0.0,2026
00-0041537,0.0,0.0,0.0,0.0,0.0,0.0,0.0,0.0,0.0,2026
00-0041538,0.0,0.0,0.0,0.0,0.0,0.0,0.0,0.0,0.0,2026
00-0041543,0.0,0.0,0.0,0.0,0.0,0.0,0.0,0.0,0.0,2026
00-0041544,0.0,0.0,0.0,0.0,0.0,0.0,0.0,0.0,0.0,2026
00-0041545,0.0,0.0,0.0,0.0,0.0,0.0,0.0,0.0,0.0,2026
00-0041546,0.0,0.0,0.0,0.0,0.0,0.0,0.0,0.0,0.0,2026
00-0041547,0.0,0.0,0.0,2.25,0.0,4.25,36.0,0.0,0.25,2026
00-0041549,0.0,0.0,0.0,0.0,0.0,0.0,0.0,0.0,0.0,2026
00-0041550,0.0,0.0,0.0,0.0,0.0,1.0,13.0,0.0,0.0,2026
00-0041554,0.0,0.0,0.0,0.0,0.0,0.0,0.0,0.0,0.0,2026
00-0041556,0.0,0.0,0.0,0.0,0.0,0.0,0.0,0.0,0.0,2026
00-0041557,0.0,0.0,0.0,0.0,0.0,0.0,0.0,0.0,0.0,2026
00-0041558,0.0,0.0,0.0,0.0,0.0,1.0,11.0,0.0,0.0,2026
00-0041563,0.0,0.0,0.0,0.0,0.0,0.0,0.0,0.0,0.0,2026
00-0041569,0.0,0.0,0.0,0.0,0.0,0.0,0.0,0.0,0.0,2026
00-0041581,0.0,0.0,0.0,0.0,0.0,0.0,0.0,0.0,0.0,2026
